 0.00000000e+00  0.00000000e+00 -6.22371759e-33 
 1.00000000e-11  1.00000000e-11  4.31034483e-04 
 1.08447462e-11  1.08447462e-11  4.67417848e-04 
 1.25342385e-11  1.25342385e-11  5.40132643e-04 
 1.59132231e-11  1.59132231e-11  6.85245254e-04 
 2.26711923e-11  2.26711923e-11  9.74195827e-04 
 3.61871307e-11  3.61871307e-11  1.54703775e-03 
 6.32190075e-11  6.32190075e-11  2.67280347e-03 
 1.17282761e-10  1.17282761e-10  4.84814536e-03 
 2.25410269e-10  2.25410269e-10  8.92337798e-03 
 4.41665283e-10  4.41665283e-10  1.62421024e-02 
 7.20832642e-10  7.20832642e-10  2.49783547e-02 
 1.00000000e-09  1.00000000e-09  3.36100494e-02 
 1.05583347e-09  1.05583347e-09  3.29386625e-02 
 1.16750042e-09  1.16750042e-09  3.17657428e-02 
 1.39083430e-09  1.39083430e-09  3.08787483e-02 
 1.69688464e-09  1.69688464e-09  3.09409279e-02 
 2.08616606e-09  2.08616606e-09  3.09004351e-02 
 2.52973300e-09  2.52973300e-09  3.09355665e-02 
 3.41686690e-09  3.41686690e-09  3.09100422e-02 
 5.19113469e-09  5.19113469e-09  3.09329871e-02 
 8.69366611e-09  8.69366611e-09  3.09117867e-02 
 1.56987290e-08  1.56987290e-08  3.09323662e-02 
 2.97088547e-08  2.97088547e-08  3.09121849e-02 
 5.77291061e-08  5.77291061e-08  3.09322145e-02 
 1.13769609e-07  1.13769609e-07  3.09122819e-02 
 2.25850614e-07  2.25850614e-07  3.09321767e-02 
 4.50012626e-07  4.50012626e-07  3.09123060e-02 
 8.98336648e-07  8.98336648e-07  3.09321673e-02 
 1.79498469e-06  1.79498469e-06  3.09123121e-02 
 3.58828078e-06  3.58828078e-06  3.09321650e-02 
 7.17487296e-06  7.17487296e-06  3.09123136e-02 
 1.43480573e-05  1.43480573e-05  3.09321644e-02 
 2.86944260e-05  2.86944260e-05  3.09123139e-02 
 5.73871635e-05  5.73871635e-05  3.09321642e-02 
 1.14772638e-04  1.14772638e-04  3.09123140e-02 
 2.29543588e-04  2.29543588e-04  3.09321642e-02 
 4.59085487e-04  4.59085487e-04  3.09123141e-02 
 9.18169286e-04  9.18169286e-04  3.09321642e-02 
 1.83633688e-03  1.83633688e-03  3.09123141e-02 
 3.67267208e-03  3.67267208e-03  3.09321642e-02 
 7.34534247e-03  7.34534247e-03  3.09123141e-02 
 1.23453425e-02  1.23453425e-02  3.09321642e-02 
 1.73453425e-02  1.73453425e-02  3.09123141e-02 
 2.23453425e-02  2.23453425e-02  3.09321642e-02 
 2.73453425e-02  2.73453425e-02  3.09123141e-02 
 3.23453425e-02  3.23453425e-02  3.09321642e-02 
 3.73453425e-02  3.73453425e-02  3.09123141e-02 
 4.23453425e-02  4.23453425e-02  3.09321642e-02 
 4.73453425e-02  4.73453425e-02  3.09123141e-02 
 5.23453425e-02  5.23453425e-02  3.09321642e-02 
 5.73453425e-02  5.73453425e-02  3.09123141e-02 
 6.23453425e-02  6.23453425e-02  3.09321642e-02 
 6.73453425e-02  6.73453425e-02  3.09123141e-02 
 7.23453425e-02  7.23453425e-02  3.09321642e-02 
 7.73453425e-02  7.73453425e-02  3.09123141e-02 
 8.23453425e-02  8.23453425e-02  3.09321642e-02 
 8.73453425e-02  8.73453425e-02  3.09123141e-02 
 9.23453425e-02  9.23453425e-02  3.09321642e-02 
 9.73453425e-02  9.73453425e-02  3.09123141e-02 
 1.02345342e-01  1.02345342e-01  3.09321642e-02 
 1.07345342e-01  1.07345342e-01  3.09123141e-02 
 1.12345342e-01  1.12345342e-01  3.09321642e-02 
 1.17345342e-01  1.17345342e-01  3.09123141e-02 
 1.22345342e-01  1.22345342e-01  3.09321642e-02 
 1.27345342e-01  1.27345342e-01  3.09123141e-02 
 1.32345342e-01  1.32345342e-01  3.09321642e-02 
 1.37345342e-01  1.37345342e-01  3.09123141e-02 
 1.42345342e-01  1.42345342e-01  3.09321642e-02 
 1.47345342e-01  1.47345342e-01  3.09123141e-02 
 1.52345342e-01  1.52345342e-01  3.09321642e-02 
 1.57345342e-01  1.57345342e-01  3.09123141e-02 
 1.62345342e-01  1.62345342e-01  3.09321642e-02 
 1.67345342e-01  1.67345342e-01  3.09123141e-02 
 1.72345342e-01  1.72345342e-01  3.09321642e-02 
 1.77345342e-01  1.77345342e-01  3.09123141e-02 
 1.82345342e-01  1.82345342e-01  3.09321642e-02 
 1.87345342e-01  1.87345342e-01  3.09123141e-02 
 1.92345342e-01  1.92345342e-01  3.09321642e-02 
 1.97345342e-01  1.97345342e-01  3.09123141e-02 
 2.02345342e-01  2.02345342e-01  3.09321642e-02 
 2.07345342e-01  2.07345342e-01  3.09123141e-02 
 2.12345342e-01  2.12345342e-01  3.09321642e-02 
 2.17345342e-01  2.17345342e-01  3.09123141e-02 
 2.22345342e-01  2.22345342e-01  3.09321642e-02 
 2.27345342e-01  2.27345342e-01  3.09123141e-02 
 2.32345342e-01  2.32345342e-01  3.09321642e-02 
 2.37345342e-01  2.37345342e-01  3.09123141e-02 
 2.42345342e-01  2.42345342e-01  3.09321642e-02 
 2.47345342e-01  2.47345342e-01  3.09123141e-02 
 2.52345342e-01  2.52345342e-01  3.09321642e-02 
 2.57345342e-01  2.57345342e-01  3.09123141e-02 
 2.62345342e-01  2.62345342e-01  3.09321642e-02 
 2.67345342e-01  2.67345342e-01  3.09123141e-02 
 2.72345342e-01  2.72345342e-01  3.09321642e-02 
 2.77345342e-01  2.77345342e-01  3.09123141e-02 
 2.82345342e-01  2.82345342e-01  3.09321642e-02 
 2.87345342e-01  2.87345342e-01  3.09123141e-02 
 2.92345342e-01  2.92345342e-01  3.09321642e-02 
 2.97345342e-01  2.97345342e-01  3.09123141e-02 
 3.02345342e-01  3.02345342e-01  3.09321642e-02 
 3.07345342e-01  3.07345342e-01  3.09123141e-02 
 3.12345342e-01  3.12345342e-01  3.09321641e-02 
 3.17345342e-01  3.17345342e-01  3.09123141e-02 
 3.22345342e-01  3.22345342e-01  3.09321641e-02 
 3.27345342e-01  3.27345342e-01  3.09123141e-02 
 3.32345342e-01  3.32345342e-01  3.09321641e-02 
 3.37345342e-01  3.37345342e-01  3.09123141e-02 
 3.42345342e-01  3.42345342e-01  3.09321641e-02 
 3.47345342e-01  3.47345342e-01  3.09123141e-02 
 3.52345342e-01  3.52345342e-01  3.09321641e-02 
 3.57345342e-01  3.57345342e-01  3.09123141e-02 
 3.62345342e-01  3.62345342e-01  3.09321641e-02 
 3.67345342e-01  3.67345342e-01  3.09123141e-02 
 3.72345342e-01  3.72345342e-01  3.09321641e-02 
 3.77345342e-01  3.77345342e-01  3.09123141e-02 
 3.82345342e-01  3.82345342e-01  3.09321641e-02 
 3.87345342e-01  3.87345342e-01  3.09123141e-02 
 3.92345342e-01  3.92345342e-01  3.09321641e-02 
 3.97345342e-01  3.97345342e-01  3.09123141e-02 
 4.02345342e-01  4.02345342e-01  3.09321641e-02 
 4.07345342e-01  4.07345342e-01  3.09123141e-02 
 4.12345342e-01  4.12345342e-01  3.09321641e-02 
 4.17345342e-01  4.17345342e-01  3.09123141e-02 
 4.22345342e-01  4.22345342e-01  3.09321641e-02 
 4.27345342e-01  4.27345342e-01  3.09123141e-02 
 4.32345342e-01  4.32345342e-01  3.09321641e-02 
 4.37345342e-01  4.37345342e-01  3.09123141e-02 
 4.42345342e-01  4.42345342e-01  3.09321641e-02 
 4.47345342e-01  4.47345342e-01  3.09123141e-02 
 4.52345342e-01  4.52345342e-01  3.09321641e-02 
 4.57345342e-01  4.57345342e-01  3.09123141e-02 
 4.62345342e-01  4.62345342e-01  3.09321641e-02 
 4.67345342e-01  4.67345342e-01  3.09123141e-02 
 4.72345342e-01  4.72345342e-01  3.09321641e-02 
 4.77345342e-01  4.77345342e-01  3.09123141e-02 
 4.82345342e-01  4.82345342e-01  3.09321641e-02 
 4.87345342e-01  4.87345342e-01  3.09123141e-02 
 4.92345342e-01  4.92345342e-01  3.09321641e-02 
 4.96172672e-01  4.96172672e-01  3.09123141e-02 
 5.00000001e-01  5.00000001e-01  3.09321641e-02 
 5.00000001e-01  5.00000001e-01  2.66180731e-02 
 5.00000001e-01  5.00000001e-01  1.80304431e-02 
 5.00000002e-01  5.00000002e-01  3.21206226e-03 
 5.00000002e-01  5.00000002e-01 -1.10334944e-02 
 5.00000002e-01  5.00000002e-01 -1.07656087e-02 
 5.00000002e-01  5.00000002e-01 -1.02300785e-02 
 5.00000002e-01  5.00000002e-01 -9.19041492e-03 
 5.00000003e-01  5.00000003e-01 -7.23267534e-03 
 5.00000004e-01  5.00000004e-01 -3.87593886e-03 
 5.00000006e-01  5.00000006e-01 -1.12046887e-03 
 5.00000007e-01  5.00000007e-01 -5.46189721e-04 
 5.00000007e-01  5.00000007e-01 -3.19957857e-04 
 5.00000008e-01  5.00000008e-01 -1.61349290e-04 
 5.00000009e-01  5.00000009e-01 -7.78620655e-05 
 5.00000010e-01  5.00000010e-01 -3.68538336e-05 
 5.00000010e-01  5.00000010e-01 -1.86381067e-05 
 5.00000011e-01  5.00000011e-01 -9.38898983e-06 
 5.00000012e-01  5.00000012e-01 -4.74459955e-06 
 5.00000013e-01  5.00000013e-01 -2.33094850e-06 
 5.00000014e-01  5.00000014e-01 -8.80741687e-07 
 5.00000015e-01  5.00000015e-01 -2.43645807e-07 
 5.00000017e-01  5.00000017e-01 -2.88756050e-08 
 5.00000019e-01  5.00000019e-01  1.18474702e-09 
 5.00000023e-01  5.00000023e-01 -3.43271364e-10 
 5.00000031e-01  5.00000031e-01  1.90873884e-10 
 5.00000048e-01  5.00000048e-01 -1.43214382e-10 
 5.00000080e-01  5.00000080e-01  1.24144298e-10 
 5.00000144e-01  5.00000144e-01 -1.15594295e-10 
 5.00000273e-01  5.00000273e-01  1.11543982e-10 
 5.00000531e-01  5.00000531e-01 -1.09572515e-10 
 5.00001047e-01  5.00001047e-01  1.08599906e-10 
 5.00002079e-01  5.00002079e-01 -1.08116846e-10 
 5.00004143e-01  5.00004143e-01  1.07876123e-10 
 5.00008270e-01  5.00008270e-01 -1.07755963e-10 
 5.00016525e-01  5.00016525e-01  1.07695933e-10 
 5.00033035e-01  5.00033035e-01 -1.07665930e-10 
 5.00066054e-01  5.00066054e-01  1.07650932e-10 
 5.00132093e-01  5.00132093e-01 -1.07643434e-10 
 5.00264171e-01  5.00264171e-01  1.07639685e-10 
 5.00528326e-01  5.00528326e-01 -1.07637810e-10 
 5.01056637e-01  5.01056637e-01  1.07636873e-10 
 5.02113258e-01  5.02113258e-01 -1.07636405e-10 
 5.04226502e-01  5.04226502e-01  1.07636170e-10 
 5.08452988e-01  5.08452988e-01 -1.07636053e-10 
 5.13452988e-01  5.13452988e-01  1.07635954e-10 
 5.18452988e-01  5.18452988e-01 -1.07635855e-10 
 5.23452988e-01  5.23452988e-01  1.07635756e-10 
 5.28452988e-01  5.28452988e-01 -1.07635657e-10 
 5.33452988e-01  5.33452988e-01  1.07635558e-10 
 5.38452988e-01  5.38452988e-01 -1.07635459e-10 
 5.43452988e-01  5.43452988e-01  1.07635360e-10 
 5.48452988e-01  5.48452988e-01 -1.07635261e-10 
 5.53452988e-01  5.53452988e-01  1.07635162e-10 
 5.58452988e-01  5.58452988e-01 -1.07635063e-10 
 5.63452988e-01  5.63452988e-01  1.07634964e-10 
 5.68452988e-01  5.68452988e-01 -1.07634865e-10 
 5.73452988e-01  5.73452988e-01  1.07634766e-10 
 5.78452988e-01  5.78452988e-01 -1.07634667e-10 
 5.83452988e-01  5.83452988e-01  1.07634568e-10 
 5.88452988e-01  5.88452988e-01 -1.07634469e-10 
 5.93452988e-01  5.93452988e-01  1.07634370e-10 
 5.98452988e-01  5.98452988e-01 -1.07634271e-10 
 6.03452988e-01  6.03452988e-01  1.07634172e-10 
 6.08452988e-01  6.08452988e-01 -1.07634073e-10 
 6.13452988e-01  6.13452988e-01  1.07633974e-10 
 6.18452988e-01  6.18452988e-01 -1.07633875e-10 
 6.23452988e-01  6.23452988e-01  1.07633776e-10 
 6.28452988e-01  6.28452988e-01 -1.07633677e-10 
 6.33452988e-01  6.33452988e-01  1.07633578e-10 
 6.38452988e-01  6.38452988e-01 -1.07633479e-10 
 6.43452988e-01  6.43452988e-01  1.07633380e-10 
 6.48452988e-01  6.48452988e-01 -1.07633281e-10 
 6.53452988e-01  6.53452988e-01  1.07633182e-10 
 6.58452988e-01  6.58452988e-01 -1.07633083e-10 
 6.63452988e-01  6.63452988e-01  1.07632983e-10 
 6.68452988e-01  6.68452988e-01 -1.07632884e-10 
 6.73452988e-01  6.73452988e-01  1.07632785e-10 
 6.78452988e-01  6.78452988e-01 -1.07632686e-10 
 6.83452988e-01  6.83452988e-01  1.07632587e-10 
 6.88452988e-01  6.88452988e-01 -1.07632488e-10 
 6.93452988e-01  6.93452988e-01  1.07632389e-10 
 6.98452988e-01  6.98452988e-01 -1.07632290e-10 
 7.03452988e-01  7.03452988e-01  1.07632191e-10 
 7.08452988e-01  7.08452988e-01 -1.07632092e-10 
 7.13452988e-01  7.13452988e-01  1.07631993e-10 
 7.18452988e-01  7.18452988e-01 -1.07631894e-10 
 7.23452988e-01  7.23452988e-01  1.07631795e-10 
 7.28452988e-01  7.28452988e-01 -1.07631696e-10 
 7.33452988e-01  7.33452988e-01  1.07631597e-10 
 7.38452988e-01  7.38452988e-01 -1.07631498e-10 
 7.43452988e-01  7.43452988e-01  1.07631399e-10 
 7.48452988e-01  7.48452988e-01 -1.07631300e-10 
 7.53452988e-01  7.53452988e-01  1.07631201e-10 
 7.58452988e-01  7.58452988e-01 -1.07631102e-10 
 7.63452988e-01  7.63452988e-01  1.07631003e-10 
 7.68452988e-01  7.68452988e-01 -1.07630904e-10 
 7.73452988e-01  7.73452988e-01  1.07630805e-10 
 7.78452988e-01  7.78452988e-01 -1.07630706e-10 
 7.83452988e-01  7.83452988e-01  1.07630607e-10 
 7.88452988e-01  7.88452988e-01 -1.07630508e-10 
 7.93452988e-01  7.93452988e-01  1.07630409e-10 
 7.98452988e-01  7.98452988e-01 -1.07630310e-10 
 8.03452988e-01  8.03452988e-01  1.07630211e-10 
 8.08452988e-01  8.08452988e-01 -1.07630112e-10 
 8.13452988e-01  8.13452988e-01  1.07630013e-10 
 8.18452988e-01  8.18452988e-01 -1.07629914e-10 
 8.23452988e-01  8.23452988e-01  1.07629815e-10 
 8.28452988e-01  8.28452988e-01 -1.07629716e-10 
 8.33452988e-01  8.33452988e-01  1.07629617e-10 
 8.38452988e-01  8.38452988e-01 -1.07629518e-10 
 8.43452988e-01  8.43452988e-01  1.07629419e-10 
 8.48452988e-01  8.48452988e-01 -1.07629320e-10 
 8.53452988e-01  8.53452988e-01  1.07629221e-10 
 8.58452988e-01  8.58452988e-01 -1.07629122e-10 
 8.63452988e-01  8.63452988e-01  1.07629023e-10 
 8.68452988e-01  8.68452988e-01 -1.07628924e-10 
 8.73452988e-01  8.73452988e-01  1.07628825e-10 
 8.78452988e-01  8.78452988e-01 -1.07628726e-10 
 8.83452988e-01  8.83452988e-01  1.07628627e-10 
 8.88452988e-01  8.88452988e-01 -1.07628528e-10 
 8.93452988e-01  8.93452988e-01  1.07628429e-10 
 8.98452988e-01  8.98452988e-01 -1.07628330e-10 
 9.03452988e-01  9.03452988e-01  1.07628231e-10 
 9.08452988e-01  9.08452988e-01 -1.07628131e-10 
 9.13452988e-01  9.13452988e-01  1.07628032e-10 
 9.18452988e-01  9.18452988e-01 -1.07627933e-10 
 9.23452988e-01  9.23452988e-01  1.07627834e-10 
 9.28452988e-01  9.28452988e-01 -1.07627735e-10 
 9.33452988e-01  9.33452988e-01  1.07627636e-10 
 9.38452988e-01  9.38452988e-01 -1.07627537e-10 
 9.43452988e-01  9.43452988e-01  1.07627438e-10 
 9.48452988e-01  9.48452988e-01 -1.07627339e-10 
 9.53452988e-01  9.53452988e-01  1.07627240e-10 
 9.58452988e-01  9.58452988e-01 -1.07627141e-10 
 9.63452988e-01  9.63452988e-01  1.07627042e-10 
 9.68452988e-01  9.68452988e-01 -1.07626943e-10 
 9.73452988e-01  9.73452988e-01  1.07626844e-10 
 9.78452988e-01  9.78452988e-01 -1.07626745e-10 
 9.83452988e-01  9.83452988e-01  1.07626646e-10 
 9.88452988e-01  9.88452988e-01 -1.07626547e-10 
 9.93452988e-01  9.93452988e-01  1.07626448e-10 
 9.96726494e-01  9.96726494e-01 -1.07626297e-10 
 1.00000000e+00  1.00000000e+00  1.07626146e-10 
 1.00000000e+00  1.00000000e+00  4.00320525e-03 
 1.00000000e+00  1.00000000e+00  1.14350071e-02 
 1.00000000e+00  1.00000000e+00  2.27247857e-02 
 1.00000000e+00  1.00000000e+00  3.35790413e-02 
 1.00000000e+00  1.00000000e+00  3.29564390e-02 
 1.00000000e+00  1.00000000e+00  3.18515878e-02 
 1.00000000e+00  1.00000000e+00  3.09019261e-02 
 1.00000000e+00  1.00000000e+00  3.09237724e-02 
 1.00000000e+00  1.00000000e+00  3.09213062e-02 
 1.00000000e+00  1.00000000e+00  3.09234548e-02 
 1.00000000e+00  1.00000000e+00  3.09218929e-02 
 1.00000000e+00  1.00000000e+00  3.09232354e-02 
 1.00000001e+00  1.00000001e+00  3.09219916e-02 
 1.00000001e+00  1.00000001e+00  3.09231899e-02 
 1.00000003e+00  1.00000003e+00  3.09220140e-02 
 1.00000005e+00  1.00000005e+00  3.09231790e-02 
 1.00000011e+00  1.00000011e+00  3.09220195e-02 
 1.00000021e+00  1.00000021e+00  3.09231763e-02 
 1.00000042e+00  1.00000042e+00  3.09220209e-02 
 1.00000084e+00  1.00000084e+00  3.09231756e-02 
 1.00000168e+00  1.00000168e+00  3.09220212e-02 
 1.00000336e+00  1.00000336e+00  3.09231755e-02 
 1.00000672e+00  1.00000672e+00  3.09220213e-02 
 1.00001344e+00  1.00001344e+00  3.09231754e-02 
 1.00002688e+00  1.00002688e+00  3.09220213e-02 
 1.00005376e+00  1.00005376e+00  3.09231754e-02 
 1.00010752e+00  1.00010752e+00  3.09220213e-02 
 1.00021503e+00  1.00021503e+00  3.09231754e-02 
 1.00043006e+00  1.00043006e+00  3.09220213e-02 
 1.00086012e+00  1.00086012e+00  3.09231754e-02 
 1.00172024e+00  1.00172024e+00  3.09220213e-02 
 1.00344047e+00  1.00344047e+00  3.09231754e-02 
 1.00688095e+00  1.00688095e+00  3.09220213e-02 
 1.01188095e+00  1.01188095e+00  3.09231754e-02 
 1.01688095e+00  1.01688095e+00  3.09220213e-02 
 1.02188095e+00  1.02188095e+00  3.09231754e-02 
 1.02688095e+00  1.02688095e+00  3.09220213e-02 
 1.03188095e+00  1.03188095e+00  3.09231754e-02 
 1.03688095e+00  1.03688095e+00  3.09220213e-02 
 1.04188095e+00  1.04188095e+00  3.09231754e-02 
 1.04688095e+00  1.04688095e+00  3.09220213e-02 
 1.05188095e+00  1.05188095e+00  3.09231754e-02 
 1.05688095e+00  1.05688095e+00  3.09220213e-02 
 1.06188095e+00  1.06188095e+00  3.09231754e-02 
 1.06688095e+00  1.06688095e+00  3.09220213e-02 
 1.07188095e+00  1.07188095e+00  3.09231754e-02 
 1.07688095e+00  1.07688095e+00  3.09220213e-02 
 1.08188095e+00  1.08188095e+00  3.09231754e-02 
 1.08688095e+00  1.08688095e+00  3.09220213e-02 
 1.09188095e+00  1.09188095e+00  3.09231754e-02 
 1.09688095e+00  1.09688095e+00  3.09220213e-02 
 1.10188095e+00  1.10188095e+00  3.09231754e-02 
 1.10688095e+00  1.10688095e+00  3.09220213e-02 
 1.11188095e+00  1.11188095e+00  3.09231754e-02 
 1.11688095e+00  1.11688095e+00  3.09220213e-02 
 1.12188095e+00  1.12188095e+00  3.09231754e-02 
 1.12688095e+00  1.12688095e+00  3.09220213e-02 
 1.13188095e+00  1.13188095e+00  3.09231754e-02 
 1.13688095e+00  1.13688095e+00  3.09220213e-02 
 1.14188095e+00  1.14188095e+00  3.09231754e-02 
 1.14688095e+00  1.14688095e+00  3.09220213e-02 
 1.15188095e+00  1.15188095e+00  3.09231754e-02 
 1.15688095e+00  1.15688095e+00  3.09220213e-02 
 1.16188095e+00  1.16188095e+00  3.09231754e-02 
 1.16688095e+00  1.16688095e+00  3.09220213e-02 
 1.17188095e+00  1.17188095e+00  3.09231754e-02 
 1.17688095e+00  1.17688095e+00  3.09220213e-02 
 1.18188095e+00  1.18188095e+00  3.09231754e-02 
 1.18688095e+00  1.18688095e+00  3.09220213e-02 
 1.19188095e+00  1.19188095e+00  3.09231754e-02 
 1.19688095e+00  1.19688095e+00  3.09220213e-02 
 1.20188095e+00  1.20188095e+00  3.09231754e-02 
 1.20688095e+00  1.20688095e+00  3.09220213e-02 
 1.21188095e+00  1.21188095e+00  3.09231754e-02 
 1.21688095e+00  1.21688095e+00  3.09220213e-02 
 1.22188095e+00  1.22188095e+00  3.09231754e-02 
 1.22688095e+00  1.22688095e+00  3.09220213e-02 
 1.23188095e+00  1.23188095e+00  3.09231754e-02 
 1.23688095e+00  1.23688095e+00  3.09220213e-02 
 1.24188095e+00  1.24188095e+00  3.09231754e-02 
 1.24688095e+00  1.24688095e+00  3.09220213e-02 
 1.25188095e+00  1.25188095e+00  3.09231754e-02 
 1.25688095e+00  1.25688095e+00  3.09220213e-02 
 1.26188095e+00  1.26188095e+00  3.09231754e-02 
 1.26688095e+00  1.26688095e+00  3.09220213e-02 
 1.27188095e+00  1.27188095e+00  3.09231754e-02 
 1.27688095e+00  1.27688095e+00  3.09220213e-02 
 1.28188095e+00  1.28188095e+00  3.09231754e-02 
 1.28688095e+00  1.28688095e+00  3.09220213e-02 
 1.29188095e+00  1.29188095e+00  3.09231754e-02 
 1.29688095e+00  1.29688095e+00  3.09220213e-02 
 1.30188095e+00  1.30188095e+00  3.09231754e-02 
 1.30688095e+00  1.30688095e+00  3.09220213e-02 
 1.31188095e+00  1.31188095e+00  3.09231754e-02 
 1.31688095e+00  1.31688095e+00  3.09220213e-02 
 1.32188095e+00  1.32188095e+00  3.09231754e-02 
 1.32688095e+00  1.32688095e+00  3.09220213e-02 
 1.33188095e+00  1.33188095e+00  3.09231754e-02 
 1.33688095e+00  1.33688095e+00  3.09220213e-02 
 1.34188095e+00  1.34188095e+00  3.09231754e-02 
 1.34688095e+00  1.34688095e+00  3.09220213e-02 
 1.35188095e+00  1.35188095e+00  3.09231754e-02 
 1.35688095e+00  1.35688095e+00  3.09220213e-02 
 1.36188095e+00  1.36188095e+00  3.09231754e-02 
 1.36688095e+00  1.36688095e+00  3.09220213e-02 
 1.37188095e+00  1.37188095e+00  3.09231754e-02 
 1.37688095e+00  1.37688095e+00  3.09220213e-02 
 1.38188095e+00  1.38188095e+00  3.09231754e-02 
 1.38688095e+00  1.38688095e+00  3.09220213e-02 
 1.39188095e+00  1.39188095e+00  3.09231754e-02 
 1.39688095e+00  1.39688095e+00  3.09220213e-02 
 1.40188095e+00  1.40188095e+00  3.09231754e-02 
 1.40688095e+00  1.40688095e+00  3.09220213e-02 
 1.41188095e+00  1.41188095e+00  3.09231754e-02 
 1.41688095e+00  1.41688095e+00  3.09220213e-02 
 1.42188095e+00  1.42188095e+00  3.09231754e-02 
 1.42688095e+00  1.42688095e+00  3.09220213e-02 
 1.43188095e+00  1.43188095e+00  3.09231754e-02 
 1.43688095e+00  1.43688095e+00  3.09220213e-02 
 1.44188095e+00  1.44188095e+00  3.09231754e-02 
 1.44688095e+00  1.44688095e+00  3.09220213e-02 
 1.45188095e+00  1.45188095e+00  3.09231754e-02 
 1.45688095e+00  1.45688095e+00  3.09220213e-02 
 1.46188095e+00  1.46188095e+00  3.09231754e-02 
 1.46688095e+00  1.46688095e+00  3.09220213e-02 
 1.47188095e+00  1.47188095e+00  3.09231754e-02 
 1.47688095e+00  1.47688095e+00  3.09220213e-02 
 1.48188095e+00  1.48188095e+00  3.09231754e-02 
 1.48688095e+00  1.48688095e+00  3.09220213e-02 
 1.49188095e+00  1.49188095e+00  3.09231754e-02 
 1.49594047e+00  1.49594047e+00  3.09220213e-02 
 1.50000000e+00  1.50000000e+00  3.09231706e-02 
 1.50000000e+00  1.50000000e+00  2.66148651e-02 
 1.50000000e+00  1.50000000e+00  1.80306510e-02 
 1.50000000e+00  1.50000000e+00  3.21017715e-03 
 1.50000000e+00  1.50000000e+00 -1.10331830e-02 
 1.50000000e+00  1.50000000e+00 -1.07653036e-02 
 1.50000000e+00  1.50000000e+00 -1.02297839e-02 
 1.50000000e+00  1.50000000e+00 -9.19013397e-03 
 1.50000000e+00  1.50000000e+00 -7.23241749e-03 
 1.50000000e+00  1.50000000e+00 -3.87574255e-03 
 1.50000001e+00  1.50000001e+00 -1.12045018e-03 
 1.50000001e+00  1.50000001e+00 -5.46185349e-04 
 1.50000001e+00  1.50000001e+00 -3.19952771e-04 
 1.50000001e+00  1.50000001e+00 -1.61346298e-04 
 1.50000001e+00  1.50000001e+00 -7.78605432e-05 
 1.50000001e+00  1.50000001e+00 -3.68532475e-05 
 1.50000001e+00  1.50000001e+00 -1.86378112e-05 
 1.50000001e+00  1.50000001e+00 -9.38884077e-06 
 1.50000001e+00  1.50000001e+00 -4.74451867e-06 
 1.50000001e+00  1.50000001e+00 -2.33091036e-06 
 1.50000001e+00  1.50000001e+00 -8.80718538e-07 
 1.50000001e+00  1.50000001e+00 -2.43637784e-07 
 1.50000002e+00  1.50000002e+00 -2.88735028e-08 
 1.50000002e+00  1.50000002e+00  1.18475798e-09 
 1.50000002e+00  1.50000002e+00 -3.43282658e-10 
 1.50000003e+00  1.50000003e+00  1.90882147e-10 
 1.50000005e+00  1.50000005e+00 -1.43221279e-10 
 1.50000008e+00  1.50000008e+00  1.24150574e-10 
 1.50000014e+00  1.50000014e+00 -1.15600277e-10 
 1.50000027e+00  1.50000027e+00  1.11549821e-10 
 1.50000053e+00  1.50000053e+00 -1.09578283e-10 
 1.50000105e+00  1.50000105e+00  1.08605640e-10 
 1.50000208e+00  1.50000208e+00 -1.08122562e-10 
 1.50000414e+00  1.50000414e+00  1.07881830e-10 
 1.50000827e+00  1.50000827e+00 -1.07761666e-10 
 1.50001653e+00  1.50001653e+00  1.07701633e-10 
 1.50003304e+00  1.50003304e+00 -1.07671630e-10 
 1.50006606e+00  1.50006606e+00  1.07656631e-10 
 1.50013210e+00  1.50013210e+00 -1.07649133e-10 
 1.50026418e+00  1.50026418e+00  1.07645384e-10 
 1.50052833e+00  1.50052833e+00 -1.07643509e-10 
 1.50105665e+00  1.50105665e+00  1.07642572e-10 
 1.50211329e+00  1.50211329e+00 -1.07642103e-10 
 1.50422657e+00  1.50422657e+00  1.07641869e-10 
 1.50845313e+00  1.50845313e+00 -1.07641752e-10 
 1.51345313e+00  1.51345313e+00  1.07641653e-10 
 1.51845313e+00  1.51845313e+00 -1.07641554e-10 
 1.52345313e+00  1.52345313e+00  1.07641455e-10 
 1.52845313e+00  1.52845313e+00 -1.07641356e-10 
 1.53345313e+00  1.53345313e+00  1.07641257e-10 
 1.53845313e+00  1.53845313e+00 -1.07641158e-10 
 1.54345313e+00  1.54345313e+00  1.07641059e-10 
 1.54845313e+00  1.54845313e+00 -1.07640960e-10 
 1.55345313e+00  1.55345313e+00  1.07640860e-10 
 1.55845313e+00  1.55845313e+00 -1.07640761e-10 
 1.56345313e+00  1.56345313e+00  1.07640662e-10 
 1.56845313e+00  1.56845313e+00 -1.07640563e-10 
 1.57345313e+00  1.57345313e+00  1.07640464e-10 
 1.57845313e+00  1.57845313e+00 -1.07640365e-10 
 1.58345313e+00  1.58345313e+00  1.07640266e-10 
 1.58845313e+00  1.58845313e+00 -1.07640167e-10 
 1.59345313e+00  1.59345313e+00  1.07640068e-10 
 1.59845313e+00  1.59845313e+00 -1.07639969e-10 
 1.60345313e+00  1.60345313e+00  1.07639870e-10 
 1.60845313e+00  1.60845313e+00 -1.07639771e-10 
 1.61345313e+00  1.61345313e+00  1.07639672e-10 
 1.61845313e+00  1.61845313e+00 -1.07639573e-10 
 1.62345313e+00  1.62345313e+00  1.07639474e-10 
 1.62845313e+00  1.62845313e+00 -1.07639375e-10 
 1.63345313e+00  1.63345313e+00  1.07639276e-10 
 1.63845313e+00  1.63845313e+00 -1.07639177e-10 
 1.64345313e+00  1.64345313e+00  1.07639078e-10 
 1.64845313e+00  1.64845313e+00 -1.07638979e-10 
 1.65345313e+00  1.65345313e+00  1.07638880e-10 
 1.65845313e+00  1.65845313e+00 -1.07638781e-10 
 1.66345313e+00  1.66345313e+00  1.07638682e-10 
 1.66845313e+00  1.66845313e+00 -1.07638583e-10 
 1.67345313e+00  1.67345313e+00  1.07638484e-10 
 1.67845313e+00  1.67845313e+00 -1.07638385e-10 
 1.68345313e+00  1.68345313e+00  1.07638286e-10 
 1.68845313e+00  1.68845313e+00 -1.07638187e-10 
 1.69345313e+00  1.69345313e+00  1.07638088e-10 
 1.69845313e+00  1.69845313e+00 -1.07637989e-10 
 1.70345313e+00  1.70345313e+00  1.07637890e-10 
 1.70845313e+00  1.70845313e+00 -1.07637791e-10 
 1.71345313e+00  1.71345313e+00  1.07637692e-10 
 1.71845313e+00  1.71845313e+00 -1.07637593e-10 
 1.72345313e+00  1.72345313e+00  1.07637494e-10 
 1.72845313e+00  1.72845313e+00 -1.07637395e-10 
 1.73345313e+00  1.73345313e+00  1.07637295e-10 
 1.73845313e+00  1.73845313e+00 -1.07637196e-10 
 1.74345313e+00  1.74345313e+00  1.07637097e-10 
 1.74845313e+00  1.74845313e+00 -1.07636998e-10 
 1.75345313e+00  1.75345313e+00  1.07636899e-10 
 1.75845313e+00  1.75845313e+00 -1.07636800e-10 
 1.76345313e+00  1.76345313e+00  1.07636701e-10 
 1.76845313e+00  1.76845313e+00 -1.07636602e-10 
 1.77345313e+00  1.77345313e+00  1.07636503e-10 
 1.77845313e+00  1.77845313e+00 -1.07636404e-10 
 1.78345313e+00  1.78345313e+00  1.07636305e-10 
 1.78845313e+00  1.78845313e+00 -1.07636206e-10 
 1.79345313e+00  1.79345313e+00  1.07636107e-10 
 1.79845313e+00  1.79845313e+00 -1.07636008e-10 
 1.80345313e+00  1.80345313e+00  1.07635909e-10 
 1.80845313e+00  1.80845313e+00 -1.07635810e-10 
 1.81345313e+00  1.81345313e+00  1.07635711e-10 
 1.81845313e+00  1.81845313e+00 -1.07635612e-10 
 1.82345313e+00  1.82345313e+00  1.07635513e-10 
 1.82845313e+00  1.82845313e+00 -1.07635414e-10 
 1.83345313e+00  1.83345313e+00  1.07635315e-10 
 1.83845313e+00  1.83845313e+00 -1.07635216e-10 
 1.84345313e+00  1.84345313e+00  1.07635117e-10 
 1.84845313e+00  1.84845313e+00 -1.07635018e-10 
 1.85345313e+00  1.85345313e+00  1.07634919e-10 
 1.85845313e+00  1.85845313e+00 -1.07634820e-10 
 1.86345313e+00  1.86345313e+00  1.07634721e-10 
 1.86845313e+00  1.86845313e+00 -1.07634622e-10 
 1.87345313e+00  1.87345313e+00  1.07634523e-10 
 1.87845313e+00  1.87845313e+00 -1.07634424e-10 
 1.88345313e+00  1.88345313e+00  1.07634325e-10 
 1.88845313e+00  1.88845313e+00 -1.07634226e-10 
 1.89345313e+00  1.89345313e+00  1.07634127e-10 
 1.89845313e+00  1.89845313e+00 -1.07634028e-10 
 1.90345313e+00  1.90345313e+00  1.07633929e-10 
 1.90845313e+00  1.90845313e+00 -1.07633830e-10 
 1.91345313e+00  1.91345313e+00  1.07633731e-10 
 1.91845313e+00  1.91845313e+00 -1.07633632e-10 
 1.92345313e+00  1.92345313e+00  1.07633533e-10 
 1.92845313e+00  1.92845313e+00 -1.07633434e-10 
 1.93345313e+00  1.93345313e+00  1.07633335e-10 
 1.93845313e+00  1.93845313e+00 -1.07633235e-10 
 1.94345313e+00  1.94345313e+00  1.07633136e-10 
 1.94845313e+00  1.94845313e+00 -1.07633037e-10 
 1.95345313e+00  1.95345313e+00  1.07632938e-10 
 1.95845313e+00  1.95845313e+00 -1.07632839e-10 
 1.96345313e+00  1.96345313e+00  1.07632740e-10 
 1.96845313e+00  1.96845313e+00 -1.07632641e-10 
 1.97345313e+00  1.97345313e+00  1.07632542e-10 
 1.97845313e+00  1.97845313e+00 -1.07632443e-10 
 1.98345313e+00  1.98345313e+00  1.07632344e-10 
 1.98845313e+00  1.98845313e+00 -1.07632245e-10 
 1.99345313e+00  1.99345313e+00  1.07632146e-10 
 1.99672656e+00  1.99672656e+00 -1.07631995e-10 
 2.00000000e+00  2.00000000e+00  1.07631844e-10 
 2.00000000e+00  2.00000000e+00  4.00320525e-03 
 2.00000000e+00  2.00000000e+00  1.14350071e-02 
 2.00000000e+00  2.00000000e+00  2.27247857e-02 
 2.00000000e+00  2.00000000e+00  3.35790413e-02 
 2.00000000e+00  2.00000000e+00  3.29564390e-02 
 2.00000000e+00  2.00000000e+00  3.18515878e-02 
 2.00000000e+00  2.00000000e+00  3.09019261e-02 
 2.00000000e+00  2.00000000e+00  3.09237724e-02 
 2.00000000e+00  2.00000000e+00  3.09213062e-02 
 2.00000000e+00  2.00000000e+00  3.09234548e-02 
 2.00000000e+00  2.00000000e+00  3.09218929e-02 
 2.00000000e+00  2.00000000e+00  3.09232354e-02 
 2.00000001e+00  2.00000001e+00  3.09219916e-02 
 2.00000001e+00  2.00000001e+00  3.09231899e-02 
 2.00000003e+00  2.00000003e+00  3.09220140e-02 
 2.00000005e+00  2.00000005e+00  3.09231790e-02 
 2.00000011e+00  2.00000011e+00  3.09220195e-02 
 2.00000021e+00  2.00000021e+00  3.09231763e-02 
 2.00000042e+00  2.00000042e+00  3.09220209e-02 
 2.00000084e+00  2.00000084e+00  3.09231756e-02 
 2.00000168e+00  2.00000168e+00  3.09220212e-02 
 2.00000336e+00  2.00000336e+00  3.09231755e-02 
 2.00000672e+00  2.00000672e+00  3.09220213e-02 
 2.00001344e+00  2.00001344e+00  3.09231754e-02 
 2.00002688e+00  2.00002688e+00  3.09220213e-02 
 2.00005376e+00  2.00005376e+00  3.09231754e-02 
 2.00010752e+00  2.00010752e+00  3.09220213e-02 
 2.00021503e+00  2.00021503e+00  3.09231754e-02 
 2.00043006e+00  2.00043006e+00  3.09220213e-02 
 2.00086012e+00  2.00086012e+00  3.09231754e-02 
 2.00172024e+00  2.00172024e+00  3.09220213e-02 
 2.00344047e+00  2.00344047e+00  3.09231754e-02 
 2.00688095e+00  2.00688095e+00  3.09220213e-02 
 2.01188095e+00  2.01188095e+00  3.09231754e-02 
 2.01688095e+00  2.01688095e+00  3.09220213e-02 
 2.02188095e+00  2.02188095e+00  3.09231754e-02 
 2.02688095e+00  2.02688095e+00  3.09220213e-02 
 2.03188095e+00  2.03188095e+00  3.09231754e-02 
 2.03688095e+00  2.03688095e+00  3.09220213e-02 
 2.04188095e+00  2.04188095e+00  3.09231754e-02 
 2.04688095e+00  2.04688095e+00  3.09220213e-02 
 2.05188095e+00  2.05188095e+00  3.09231754e-02 
 2.05688095e+00  2.05688095e+00  3.09220213e-02 
 2.06188095e+00  2.06188095e+00  3.09231754e-02 
 2.06688095e+00  2.06688095e+00  3.09220213e-02 
 2.07188095e+00  2.07188095e+00  3.09231754e-02 
 2.07688095e+00  2.07688095e+00  3.09220213e-02 
 2.08188095e+00  2.08188095e+00  3.09231754e-02 
 2.08688095e+00  2.08688095e+00  3.09220213e-02 
 2.09188095e+00  2.09188095e+00  3.09231754e-02 
 2.09688095e+00  2.09688095e+00  3.09220213e-02 
 2.10188095e+00  2.10188095e+00  3.09231754e-02 
 2.10688095e+00  2.10688095e+00  3.09220213e-02 
 2.11188095e+00  2.11188095e+00  3.09231754e-02 
 2.11688095e+00  2.11688095e+00  3.09220213e-02 
 2.12188095e+00  2.12188095e+00  3.09231754e-02 
 2.12688095e+00  2.12688095e+00  3.09220213e-02 
 2.13188095e+00  2.13188095e+00  3.09231754e-02 
 2.13688095e+00  2.13688095e+00  3.09220213e-02 
 2.14188095e+00  2.14188095e+00  3.09231754e-02 
 2.14688095e+00  2.14688095e+00  3.09220213e-02 
 2.15188095e+00  2.15188095e+00  3.09231754e-02 
 2.15688095e+00  2.15688095e+00  3.09220213e-02 
 2.16188095e+00  2.16188095e+00  3.09231754e-02 
 2.16688095e+00  2.16688095e+00  3.09220213e-02 
 2.17188095e+00  2.17188095e+00  3.09231754e-02 
 2.17688095e+00  2.17688095e+00  3.09220213e-02 
 2.18188095e+00  2.18188095e+00  3.09231754e-02 
 2.18688095e+00  2.18688095e+00  3.09220213e-02 
 2.19188095e+00  2.19188095e+00  3.09231754e-02 
 2.19688095e+00  2.19688095e+00  3.09220213e-02 
 2.20188095e+00  2.20188095e+00  3.09231754e-02 
 2.20688095e+00  2.20688095e+00  3.09220213e-02 
 2.21188095e+00  2.21188095e+00  3.09231754e-02 
 2.21688095e+00  2.21688095e+00  3.09220213e-02 
 2.22188095e+00  2.22188095e+00  3.09231754e-02 
 2.22688095e+00  2.22688095e+00  3.09220213e-02 
 2.23188095e+00  2.23188095e+00  3.09231754e-02 
 2.23688095e+00  2.23688095e+00  3.09220213e-02 
 2.24188095e+00  2.24188095e+00  3.09231754e-02 
 2.24688095e+00  2.24688095e+00  3.09220213e-02 
 2.25188095e+00  2.25188095e+00  3.09231754e-02 
 2.25688095e+00  2.25688095e+00  3.09220213e-02 
 2.26188095e+00  2.26188095e+00  3.09231754e-02 
 2.26688095e+00  2.26688095e+00  3.09220213e-02 
 2.27188095e+00  2.27188095e+00  3.09231754e-02 
 2.27688095e+00  2.27688095e+00  3.09220213e-02 
 2.28188095e+00  2.28188095e+00  3.09231754e-02 
 2.28688095e+00  2.28688095e+00  3.09220213e-02 
 2.29188095e+00  2.29188095e+00  3.09231754e-02 
 2.29688095e+00  2.29688095e+00  3.09220213e-02 
 2.30188095e+00  2.30188095e+00  3.09231754e-02 
 2.30688095e+00  2.30688095e+00  3.09220213e-02 
 2.31188095e+00  2.31188095e+00  3.09231754e-02 
 2.31688095e+00  2.31688095e+00  3.09220213e-02 
 2.32188095e+00  2.32188095e+00  3.09231754e-02 
 2.32688095e+00  2.32688095e+00  3.09220213e-02 
 2.33188095e+00  2.33188095e+00  3.09231754e-02 
 2.33688095e+00  2.33688095e+00  3.09220213e-02 
 2.34188095e+00  2.34188095e+00  3.09231754e-02 
 2.34688095e+00  2.34688095e+00  3.09220213e-02 
 2.35188095e+00  2.35188095e+00  3.09231754e-02 
 2.35688095e+00  2.35688095e+00  3.09220213e-02 
 2.36188095e+00  2.36188095e+00  3.09231754e-02 
 2.36688095e+00  2.36688095e+00  3.09220213e-02 
 2.37188095e+00  2.37188095e+00  3.09231754e-02 
 2.37688095e+00  2.37688095e+00  3.09220213e-02 
 2.38188095e+00  2.38188095e+00  3.09231754e-02 
 2.38688095e+00  2.38688095e+00  3.09220213e-02 
 2.39188095e+00  2.39188095e+00  3.09231754e-02 
 2.39688095e+00  2.39688095e+00  3.09220213e-02 
 2.40188095e+00  2.40188095e+00  3.09231754e-02 
 2.40688095e+00  2.40688095e+00  3.09220213e-02 
 2.41188095e+00  2.41188095e+00  3.09231754e-02 
 2.41688095e+00  2.41688095e+00  3.09220213e-02 
 2.42188095e+00  2.42188095e+00  3.09231754e-02 
 2.42688095e+00  2.42688095e+00  3.09220213e-02 
 2.43188095e+00  2.43188095e+00  3.09231754e-02 
 2.43688095e+00  2.43688095e+00  3.09220213e-02 
 2.44188095e+00  2.44188095e+00  3.09231754e-02 
 2.44688095e+00  2.44688095e+00  3.09220213e-02 
 2.45188095e+00  2.45188095e+00  3.09231754e-02 
 2.45688095e+00  2.45688095e+00  3.09220213e-02 
 2.46188095e+00  2.46188095e+00  3.09231754e-02 
 2.46688095e+00  2.46688095e+00  3.09220213e-02 
 2.47188095e+00  2.47188095e+00  3.09231754e-02 
 2.47688095e+00  2.47688095e+00  3.09220213e-02 
 2.48188095e+00  2.48188095e+00  3.09231754e-02 
 2.48688095e+00  2.48688095e+00  3.09220213e-02 
 2.49188095e+00  2.49188095e+00  3.09231754e-02 
 2.49594047e+00  2.49594047e+00  3.09220213e-02 
 2.50000000e+00  2.50000000e+00  3.09231706e-02 
 2.50000000e+00  2.50000000e+00  2.66148651e-02 
 2.50000000e+00  2.50000000e+00  1.80306510e-02 
 2.50000000e+00  2.50000000e+00  3.21017720e-03 
 2.50000000e+00  2.50000000e+00 -1.10331825e-02 
 2.50000000e+00  2.50000000e+00 -1.07653030e-02 
 2.50000000e+00  2.50000000e+00 -1.02297832e-02 
 2.50000000e+00  2.50000000e+00 -9.19013293e-03 
 2.50000000e+00  2.50000000e+00 -7.23241594e-03 
 2.50000000e+00  2.50000000e+00 -3.87574043e-03 
 2.50000001e+00  2.50000001e+00 -1.12044992e-03 
 2.50000001e+00  2.50000001e+00 -5.46185291e-04 
 2.50000001e+00  2.50000001e+00 -3.19952711e-04 
 2.50000001e+00  2.50000001e+00 -1.61346265e-04 
 2.50000001e+00  2.50000001e+00 -7.78605252e-05 
 2.50000001e+00  2.50000001e+00 -3.68532407e-05 
 2.50000001e+00  2.50000001e+00 -1.86378077e-05 
 2.50000001e+00  2.50000001e+00 -9.38883905e-06 
 2.50000001e+00  2.50000001e+00 -4.74451772e-06 
 2.50000001e+00  2.50000001e+00 -2.33090991e-06 
 2.50000001e+00  2.50000001e+00 -8.80718264e-07 
 2.50000001e+00  2.50000001e+00 -2.43637691e-07 
 2.50000002e+00  2.50000002e+00 -2.88734779e-08 
 2.50000002e+00  2.50000002e+00  1.18475805e-09 
 2.50000002e+00  2.50000002e+00 -3.43282777e-10 
 2.50000003e+00  2.50000003e+00  1.90882233e-10 
 2.50000005e+00  2.50000005e+00 -1.43221351e-10 
 2.50000008e+00  2.50000008e+00  1.24150640e-10 
 2.50000014e+00  2.50000014e+00 -1.15600340e-10 
 2.50000027e+00  2.50000027e+00  1.11549882e-10 
 2.50000053e+00  2.50000053e+00 -1.09578344e-10 
 2.50000105e+00  2.50000105e+00  1.08605700e-10 
 2.50000208e+00  2.50000208e+00 -1.08122623e-10 
 2.50000414e+00  2.50000414e+00  1.07881891e-10 
 2.50000827e+00  2.50000827e+00 -1.07761726e-10 
 2.50001653e+00  2.50001653e+00  1.07701693e-10 
 2.50003304e+00  2.50003304e+00 -1.07671690e-10 
 2.50006606e+00  2.50006606e+00  1.07656691e-10 
 2.50013210e+00  2.50013210e+00 -1.07649193e-10 
 2.50026418e+00  2.50026418e+00  1.07645444e-10 
 2.50052834e+00  2.50052834e+00 -1.07643569e-10 
 2.50105665e+00  2.50105665e+00  1.07642632e-10 
 2.50211329e+00  2.50211329e+00 -1.07642163e-10 
 2.50422657e+00  2.50422657e+00  1.07641929e-10 
 2.50845313e+00  2.50845313e+00 -1.07641812e-10 
 2.51345313e+00  2.51345313e+00  1.07641713e-10 
 2.51845313e+00  2.51845313e+00 -1.07641614e-10 
 2.52345313e+00  2.52345313e+00  1.07641515e-10 
 2.52845313e+00  2.52845313e+00 -1.07641416e-10 
 2.53345313e+00  2.53345313e+00  1.07641317e-10 
 2.53845313e+00  2.53845313e+00 -1.07641218e-10 
 2.54345313e+00  2.54345313e+00  1.07641119e-10 
 2.54845313e+00  2.54845313e+00 -1.07641019e-10 
 2.55345313e+00  2.55345313e+00  1.07640920e-10 
 2.55845313e+00  2.55845313e+00 -1.07640821e-10 
 2.56345313e+00  2.56345313e+00  1.07640722e-10 
 2.56845313e+00  2.56845313e+00 -1.07640623e-10 
 2.57345313e+00  2.57345313e+00  1.07640524e-10 
 2.57845313e+00  2.57845313e+00 -1.07640425e-10 
 2.58345313e+00  2.58345313e+00  1.07640326e-10 
 2.58845313e+00  2.58845313e+00 -1.07640227e-10 
 2.59345313e+00  2.59345313e+00  1.07640128e-10 
 2.59845313e+00  2.59845313e+00 -1.07640029e-10 
 2.60345313e+00  2.60345313e+00  1.07639930e-10 
 2.60845313e+00  2.60845313e+00 -1.07639831e-10 
 2.61345313e+00  2.61345313e+00  1.07639732e-10 
 2.61845313e+00  2.61845313e+00 -1.07639633e-10 
 2.62345313e+00  2.62345313e+00  1.07639534e-10 
 2.62845313e+00  2.62845313e+00 -1.07639435e-10 
 2.63345313e+00  2.63345313e+00  1.07639336e-10 
 2.63845313e+00  2.63845313e+00 -1.07639237e-10 
 2.64345313e+00  2.64345313e+00  1.07639138e-10 
 2.64845313e+00  2.64845313e+00 -1.07639039e-10 
 2.65345313e+00  2.65345313e+00  1.07638940e-10 
 2.65845313e+00  2.65845313e+00 -1.07638841e-10 
 2.66345313e+00  2.66345313e+00  1.07638742e-10 
 2.66845313e+00  2.66845313e+00 -1.07638643e-10 
 2.67345313e+00  2.67345313e+00  1.07638544e-10 
 2.67845313e+00  2.67845313e+00 -1.07638445e-10 
 2.68345313e+00  2.68345313e+00  1.07638346e-10 
 2.68845313e+00  2.68845313e+00 -1.07638247e-10 
 2.69345313e+00  2.69345313e+00  1.07638148e-10 
 2.69845313e+00  2.69845313e+00 -1.07638049e-10 
 2.70345313e+00  2.70345313e+00  1.07637950e-10 
 2.70845313e+00  2.70845313e+00 -1.07637851e-10 
 2.71345313e+00  2.71345313e+00  1.07637752e-10 
 2.71845313e+00  2.71845313e+00 -1.07637653e-10 
 2.72345313e+00  2.72345313e+00  1.07637554e-10 
 2.72845313e+00  2.72845313e+00 -1.07637454e-10 
 2.73345313e+00  2.73345313e+00  1.07637355e-10 
 2.73845313e+00  2.73845313e+00 -1.07637256e-10 
 2.74345313e+00  2.74345313e+00  1.07637157e-10 
 2.74845313e+00  2.74845313e+00 -1.07637058e-10 
 2.75345313e+00  2.75345313e+00  1.07636959e-10 
 2.75845313e+00  2.75845313e+00 -1.07636860e-10 
 2.76345313e+00  2.76345313e+00  1.07636761e-10 
 2.76845313e+00  2.76845313e+00 -1.07636662e-10 
 2.77345313e+00  2.77345313e+00  1.07636563e-10 
 2.77845313e+00  2.77845313e+00 -1.07636464e-10 
 2.78345313e+00  2.78345313e+00  1.07636365e-10 
 2.78845313e+00  2.78845313e+00 -1.07636266e-10 
 2.79345313e+00  2.79345313e+00  1.07636167e-10 
 2.79845313e+00  2.79845313e+00 -1.07636068e-10 
 2.80345313e+00  2.80345313e+00  1.07635969e-10 
 2.80845313e+00  2.80845313e+00 -1.07635870e-10 
 2.81345313e+00  2.81345313e+00  1.07635771e-10 
 2.81845313e+00  2.81845313e+00 -1.07635672e-10 
 2.82345313e+00  2.82345313e+00  1.07635573e-10 
 2.82845313e+00  2.82845313e+00 -1.07635474e-10 
 2.83345313e+00  2.83345313e+00  1.07635375e-10 
 2.83845313e+00  2.83845313e+00 -1.07635276e-10 
 2.84345313e+00  2.84345313e+00  1.07635177e-10 
 2.84845313e+00  2.84845313e+00 -1.07635078e-10 
 2.85345313e+00  2.85345313e+00  1.07634979e-10 
 2.85845313e+00  2.85845313e+00 -1.07634880e-10 
 2.86345313e+00  2.86345313e+00  1.07634781e-10 
 2.86845313e+00  2.86845313e+00 -1.07634682e-10 
 2.87345313e+00  2.87345313e+00  1.07634583e-10 
 2.87845313e+00  2.87845313e+00 -1.07634484e-10 
 2.88345313e+00  2.88345313e+00  1.07634385e-10 
 2.88845313e+00  2.88845313e+00 -1.07634286e-10 
 2.89345313e+00  2.89345313e+00  1.07634187e-10 
 2.89845313e+00  2.89845313e+00 -1.07634088e-10 
 2.90345313e+00  2.90345313e+00  1.07633989e-10 
 2.90845313e+00  2.90845313e+00 -1.07633890e-10 
 2.91345313e+00  2.91345313e+00  1.07633791e-10 
 2.91845313e+00  2.91845313e+00 -1.07633692e-10 
 2.92345313e+00  2.92345313e+00  1.07633593e-10 
 2.92845313e+00  2.92845313e+00 -1.07633493e-10 
 2.93345313e+00  2.93345313e+00  1.07633394e-10 
 2.93845313e+00  2.93845313e+00 -1.07633295e-10 
 2.94345313e+00  2.94345313e+00  1.07633196e-10 
 2.94845313e+00  2.94845313e+00 -1.07633097e-10 
 2.95345313e+00  2.95345313e+00  1.07632998e-10 
 2.95845313e+00  2.95845313e+00 -1.07632899e-10 
 2.96345313e+00  2.96345313e+00  1.07632800e-10 
 2.96845313e+00  2.96845313e+00 -1.07632701e-10 
 2.97345313e+00  2.97345313e+00  1.07632602e-10 
 2.97845313e+00  2.97845313e+00 -1.07632503e-10 
 2.98345313e+00  2.98345313e+00  1.07632404e-10 
 2.98845313e+00  2.98845313e+00 -1.07632305e-10 
 2.99345313e+00  2.99345313e+00  1.07632206e-10 
 2.99672657e+00  2.99672657e+00 -1.07632055e-10 
 3.00000000e+00  3.00000000e+00  1.07631904e-10 
 3.00000000e+00  3.00000000e+00  4.00320525e-03 
 3.00000000e+00  3.00000000e+00  1.14350071e-02 
 3.00000000e+00  3.00000000e+00  2.27247857e-02 
 3.00000000e+00  3.00000000e+00  3.35790413e-02 
 3.00000000e+00  3.00000000e+00  3.29564390e-02 
 3.00000000e+00  3.00000000e+00  3.18515878e-02 
 3.00000000e+00  3.00000000e+00  3.09019261e-02 
 3.00000000e+00  3.00000000e+00  3.09237724e-02 
 3.00000000e+00  3.00000000e+00  3.09213062e-02 
 3.00000000e+00  3.00000000e+00  3.09234548e-02 
 3.00000000e+00  3.00000000e+00  3.09218929e-02 
 3.00000000e+00  3.00000000e+00  3.09232354e-02 
 3.00000001e+00  3.00000001e+00  3.09219916e-02 
 3.00000001e+00  3.00000001e+00  3.09231899e-02 
 3.00000003e+00  3.00000003e+00  3.09220140e-02 
 3.00000005e+00  3.00000005e+00  3.09231790e-02 
 3.00000011e+00  3.00000011e+00  3.09220195e-02 
 3.00000021e+00  3.00000021e+00  3.09231763e-02 
 3.00000042e+00  3.00000042e+00  3.09220209e-02 
 3.00000084e+00  3.00000084e+00  3.09231756e-02 
 3.00000168e+00  3.00000168e+00  3.09220212e-02 
 3.00000336e+00  3.00000336e+00  3.09231755e-02 
 3.00000672e+00  3.00000672e+00  3.09220213e-02 
 3.00001344e+00  3.00001344e+00  3.09231754e-02 
 3.00002688e+00  3.00002688e+00  3.09220213e-02 
 3.00005376e+00  3.00005376e+00  3.09231754e-02 
 3.00010752e+00  3.00010752e+00  3.09220213e-02 
 3.00021503e+00  3.00021503e+00  3.09231754e-02 
 3.00043006e+00  3.00043006e+00  3.09220213e-02 
 3.00086012e+00  3.00086012e+00  3.09231754e-02 
 3.00172024e+00  3.00172024e+00  3.09220213e-02 
 3.00344047e+00  3.00344047e+00  3.09231754e-02 
 3.00688095e+00  3.00688095e+00  3.09220213e-02 
 3.01188095e+00  3.01188095e+00  3.09231754e-02 
 3.01688095e+00  3.01688095e+00  3.09220213e-02 
 3.02188095e+00  3.02188095e+00  3.09231754e-02 
 3.02688095e+00  3.02688095e+00  3.09220213e-02 
 3.03188095e+00  3.03188095e+00  3.09231754e-02 
 3.03688095e+00  3.03688095e+00  3.09220213e-02 
 3.04188095e+00  3.04188095e+00  3.09231754e-02 
 3.04688095e+00  3.04688095e+00  3.09220213e-02 
 3.05188095e+00  3.05188095e+00  3.09231754e-02 
 3.05688095e+00  3.05688095e+00  3.09220213e-02 
 3.06188095e+00  3.06188095e+00  3.09231754e-02 
 3.06688095e+00  3.06688095e+00  3.09220213e-02 
 3.07188095e+00  3.07188095e+00  3.09231754e-02 
 3.07688095e+00  3.07688095e+00  3.09220213e-02 
 3.08188095e+00  3.08188095e+00  3.09231754e-02 
 3.08688095e+00  3.08688095e+00  3.09220213e-02 
 3.09188095e+00  3.09188095e+00  3.09231754e-02 
 3.09688095e+00  3.09688095e+00  3.09220213e-02 
 3.10188095e+00  3.10188095e+00  3.09231754e-02 
 3.10688095e+00  3.10688095e+00  3.09220213e-02 
 3.11188095e+00  3.11188095e+00  3.09231754e-02 
 3.11688095e+00  3.11688095e+00  3.09220213e-02 
 3.12188095e+00  3.12188095e+00  3.09231754e-02 
 3.12688095e+00  3.12688095e+00  3.09220213e-02 
 3.13188095e+00  3.13188095e+00  3.09231754e-02 
 3.13688095e+00  3.13688095e+00  3.09220213e-02 
 3.14188095e+00  3.14188095e+00  3.09231754e-02 
 3.14688095e+00  3.14688095e+00  3.09220213e-02 
 3.15188095e+00  3.15188095e+00  3.09231754e-02 
 3.15688095e+00  3.15688095e+00  3.09220213e-02 
 3.16188095e+00  3.16188095e+00  3.09231754e-02 
 3.16688095e+00  3.16688095e+00  3.09220213e-02 
 3.17188095e+00  3.17188095e+00  3.09231754e-02 
 3.17688095e+00  3.17688095e+00  3.09220213e-02 
 3.18188095e+00  3.18188095e+00  3.09231754e-02 
 3.18688095e+00  3.18688095e+00  3.09220213e-02 
 3.19188095e+00  3.19188095e+00  3.09231754e-02 
 3.19688095e+00  3.19688095e+00  3.09220213e-02 
 3.20188095e+00  3.20188095e+00  3.09231754e-02 
 3.20688095e+00  3.20688095e+00  3.09220213e-02 
 3.21188095e+00  3.21188095e+00  3.09231754e-02 
 3.21688095e+00  3.21688095e+00  3.09220213e-02 
 3.22188095e+00  3.22188095e+00  3.09231754e-02 
 3.22688095e+00  3.22688095e+00  3.09220213e-02 
 3.23188095e+00  3.23188095e+00  3.09231754e-02 
 3.23688095e+00  3.23688095e+00  3.09220213e-02 
 3.24188095e+00  3.24188095e+00  3.09231754e-02 
 3.24688095e+00  3.24688095e+00  3.09220213e-02 
 3.25188095e+00  3.25188095e+00  3.09231754e-02 
 3.25688095e+00  3.25688095e+00  3.09220213e-02 
 3.26188095e+00  3.26188095e+00  3.09231754e-02 
 3.26688095e+00  3.26688095e+00  3.09220213e-02 
 3.27188095e+00  3.27188095e+00  3.09231754e-02 
 3.27688095e+00  3.27688095e+00  3.09220213e-02 
 3.28188095e+00  3.28188095e+00  3.09231754e-02 
 3.28688095e+00  3.28688095e+00  3.09220213e-02 
 3.29188095e+00  3.29188095e+00  3.09231754e-02 
 3.29688095e+00  3.29688095e+00  3.09220213e-02 
 3.30188095e+00  3.30188095e+00  3.09231754e-02 
 3.30688095e+00  3.30688095e+00  3.09220213e-02 
 3.31188095e+00  3.31188095e+00  3.09231754e-02 
 3.31688095e+00  3.31688095e+00  3.09220213e-02 
 3.32188095e+00  3.32188095e+00  3.09231754e-02 
 3.32688095e+00  3.32688095e+00  3.09220213e-02 
 3.33188095e+00  3.33188095e+00  3.09231754e-02 
 3.33688095e+00  3.33688095e+00  3.09220213e-02 
 3.34188095e+00  3.34188095e+00  3.09231754e-02 
 3.34688095e+00  3.34688095e+00  3.09220213e-02 
 3.35188095e+00  3.35188095e+00  3.09231754e-02 
 3.35688095e+00  3.35688095e+00  3.09220213e-02 
 3.36188095e+00  3.36188095e+00  3.09231754e-02 
 3.36688095e+00  3.36688095e+00  3.09220213e-02 
 3.37188095e+00  3.37188095e+00  3.09231754e-02 
 3.37688095e+00  3.37688095e+00  3.09220213e-02 
 3.38188095e+00  3.38188095e+00  3.09231754e-02 
 3.38688095e+00  3.38688095e+00  3.09220213e-02 
 3.39188095e+00  3.39188095e+00  3.09231754e-02 
 3.39688095e+00  3.39688095e+00  3.09220213e-02 
 3.40188095e+00  3.40188095e+00  3.09231754e-02 
 3.40688095e+00  3.40688095e+00  3.09220213e-02 
 3.41188095e+00  3.41188095e+00  3.09231754e-02 
 3.41688095e+00  3.41688095e+00  3.09220213e-02 
 3.42188095e+00  3.42188095e+00  3.09231754e-02 
 3.42688095e+00  3.42688095e+00  3.09220213e-02 
 3.43188095e+00  3.43188095e+00  3.09231754e-02 
 3.43688095e+00  3.43688095e+00  3.09220213e-02 
 3.44188095e+00  3.44188095e+00  3.09231754e-02 
 3.44688095e+00  3.44688095e+00  3.09220213e-02 
 3.45188095e+00  3.45188095e+00  3.09231754e-02 
 3.45688095e+00  3.45688095e+00  3.09220213e-02 
 3.46188095e+00  3.46188095e+00  3.09231754e-02 
 3.46688095e+00  3.46688095e+00  3.09220213e-02 
 3.47188095e+00  3.47188095e+00  3.09231754e-02 
 3.47688095e+00  3.47688095e+00  3.09220213e-02 
 3.48188095e+00  3.48188095e+00  3.09231754e-02 
 3.48688095e+00  3.48688095e+00  3.09220213e-02 
 3.49188095e+00  3.49188095e+00  3.09231754e-02 
 3.49594047e+00  3.49594047e+00  3.09220213e-02 
 3.50000000e+00  3.50000000e+00  3.09231706e-02 
 3.50000000e+00  3.50000000e+00  2.66148651e-02 
 3.50000000e+00  3.50000000e+00  1.80306510e-02 
 3.50000000e+00  3.50000000e+00  3.21017720e-03 
 3.50000000e+00  3.50000000e+00 -1.10331825e-02 
 3.50000000e+00  3.50000000e+00 -1.07653030e-02 
 3.50000000e+00  3.50000000e+00 -1.02297832e-02 
 3.50000000e+00  3.50000000e+00 -9.19013293e-03 
 3.50000000e+00  3.50000000e+00 -7.23241594e-03 
 3.50000000e+00  3.50000000e+00 -3.87574043e-03 
 3.50000001e+00  3.50000001e+00 -1.12044992e-03 
 3.50000001e+00  3.50000001e+00 -5.46185291e-04 
 3.50000001e+00  3.50000001e+00 -3.19952711e-04 
 3.50000001e+00  3.50000001e+00 -1.61346265e-04 
 3.50000001e+00  3.50000001e+00 -7.78605252e-05 
 3.50000001e+00  3.50000001e+00 -3.68532407e-05 
 3.50000001e+00  3.50000001e+00 -1.86378077e-05 
 3.50000001e+00  3.50000001e+00 -9.38883905e-06 
 3.50000001e+00  3.50000001e+00 -4.74451772e-06 
 3.50000001e+00  3.50000001e+00 -2.33090991e-06 
 3.50000001e+00  3.50000001e+00 -8.80718264e-07 
 3.50000001e+00  3.50000001e+00 -2.43637691e-07 
 3.50000002e+00  3.50000002e+00 -2.88734779e-08 
 3.50000002e+00  3.50000002e+00  1.18475805e-09 
 3.50000002e+00  3.50000002e+00 -3.43282777e-10 
 3.50000003e+00  3.50000003e+00  1.90882233e-10 
 3.50000005e+00  3.50000005e+00 -1.43221351e-10 
 3.50000008e+00  3.50000008e+00  1.24150640e-10 
 3.50000014e+00  3.50000014e+00 -1.15600340e-10 
 3.50000027e+00  3.50000027e+00  1.11549882e-10 
 3.50000053e+00  3.50000053e+00 -1.09578344e-10 
 3.50000105e+00  3.50000105e+00  1.08605700e-10 
 3.50000208e+00  3.50000208e+00 -1.08122623e-10 
 3.50000414e+00  3.50000414e+00  1.07881891e-10 
 3.50000827e+00  3.50000827e+00 -1.07761726e-10 
 3.50001653e+00  3.50001653e+00  1.07701693e-10 
 3.50003304e+00  3.50003304e+00 -1.07671690e-10 
 3.50006606e+00  3.50006606e+00  1.07656691e-10 
 3.50013210e+00  3.50013210e+00 -1.07649193e-10 
 3.50026418e+00  3.50026418e+00  1.07645444e-10 
 3.50052834e+00  3.50052834e+00 -1.07643569e-10 
 3.50105665e+00  3.50105665e+00  1.07642632e-10 
 3.50211329e+00  3.50211329e+00 -1.07642163e-10 
 3.50422657e+00  3.50422657e+00  1.07641929e-10 
 3.50845313e+00  3.50845313e+00 -1.07641812e-10 
 3.51345313e+00  3.51345313e+00  1.07641713e-10 
 3.51845313e+00  3.51845313e+00 -1.07641614e-10 
 3.52345313e+00  3.52345313e+00  1.07641515e-10 
 3.52845313e+00  3.52845313e+00 -1.07641416e-10 
 3.53345313e+00  3.53345313e+00  1.07641317e-10 
 3.53845313e+00  3.53845313e+00 -1.07641218e-10 
 3.54345313e+00  3.54345313e+00  1.07641119e-10 
 3.54845313e+00  3.54845313e+00 -1.07641019e-10 
 3.55345313e+00  3.55345313e+00  1.07640920e-10 
 3.55845313e+00  3.55845313e+00 -1.07640821e-10 
 3.56345313e+00  3.56345313e+00  1.07640722e-10 
 3.56845313e+00  3.56845313e+00 -1.07640623e-10 
 3.57345313e+00  3.57345313e+00  1.07640524e-10 
 3.57845313e+00  3.57845313e+00 -1.07640425e-10 
 3.58345313e+00  3.58345313e+00  1.07640326e-10 
 3.58845313e+00  3.58845313e+00 -1.07640227e-10 
 3.59345313e+00  3.59345313e+00  1.07640128e-10 
 3.59845313e+00  3.59845313e+00 -1.07640029e-10 
 3.60345313e+00  3.60345313e+00  1.07639930e-10 
 3.60845313e+00  3.60845313e+00 -1.07639831e-10 
 3.61345313e+00  3.61345313e+00  1.07639732e-10 
 3.61845313e+00  3.61845313e+00 -1.07639633e-10 
 3.62345313e+00  3.62345313e+00  1.07639534e-10 
 3.62845313e+00  3.62845313e+00 -1.07639435e-10 
 3.63345313e+00  3.63345313e+00  1.07639336e-10 
 3.63845313e+00  3.63845313e+00 -1.07639237e-10 
 3.64345313e+00  3.64345313e+00  1.07639138e-10 
 3.64845313e+00  3.64845313e+00 -1.07639039e-10 
 3.65345313e+00  3.65345313e+00  1.07638940e-10 
 3.65845313e+00  3.65845313e+00 -1.07638841e-10 
 3.66345313e+00  3.66345313e+00  1.07638742e-10 
 3.66845313e+00  3.66845313e+00 -1.07638643e-10 
 3.67345313e+00  3.67345313e+00  1.07638544e-10 
 3.67845313e+00  3.67845313e+00 -1.07638445e-10 
 3.68345313e+00  3.68345313e+00  1.07638346e-10 
 3.68845313e+00  3.68845313e+00 -1.07638247e-10 
 3.69345313e+00  3.69345313e+00  1.07638148e-10 
 3.69845313e+00  3.69845313e+00 -1.07638049e-10 
 3.70345313e+00  3.70345313e+00  1.07637950e-10 
 3.70845313e+00  3.70845313e+00 -1.07637851e-10 
 3.71345313e+00  3.71345313e+00  1.07637752e-10 
 3.71845313e+00  3.71845313e+00 -1.07637653e-10 
 3.72345313e+00  3.72345313e+00  1.07637554e-10 
 3.72845313e+00  3.72845313e+00 -1.07637454e-10 
 3.73345313e+00  3.73345313e+00  1.07637355e-10 
 3.73845313e+00  3.73845313e+00 -1.07637256e-10 
 3.74345313e+00  3.74345313e+00  1.07637157e-10 
 3.74845313e+00  3.74845313e+00 -1.07637058e-10 
 3.75345313e+00  3.75345313e+00  1.07636959e-10 
 3.75845313e+00  3.75845313e+00 -1.07636860e-10 
 3.76345313e+00  3.76345313e+00  1.07636761e-10 
 3.76845313e+00  3.76845313e+00 -1.07636662e-10 
 3.77345313e+00  3.77345313e+00  1.07636563e-10 
 3.77845313e+00  3.77845313e+00 -1.07636464e-10 
 3.78345313e+00  3.78345313e+00  1.07636365e-10 
 3.78845313e+00  3.78845313e+00 -1.07636266e-10 
 3.79345313e+00  3.79345313e+00  1.07636167e-10 
 3.79845313e+00  3.79845313e+00 -1.07636068e-10 
 3.80345313e+00  3.80345313e+00  1.07635969e-10 
 3.80845313e+00  3.80845313e+00 -1.07635870e-10 
 3.81345313e+00  3.81345313e+00  1.07635771e-10 
 3.81845313e+00  3.81845313e+00 -1.07635672e-10 
 3.82345313e+00  3.82345313e+00  1.07635573e-10 
 3.82845313e+00  3.82845313e+00 -1.07635474e-10 
 3.83345313e+00  3.83345313e+00  1.07635375e-10 
 3.83845313e+00  3.83845313e+00 -1.07635276e-10 
 3.84345313e+00  3.84345313e+00  1.07635177e-10 
 3.84845313e+00  3.84845313e+00 -1.07635078e-10 
 3.85345313e+00  3.85345313e+00  1.07634979e-10 
 3.85845313e+00  3.85845313e+00 -1.07634880e-10 
 3.86345313e+00  3.86345313e+00  1.07634781e-10 
 3.86845313e+00  3.86845313e+00 -1.07634682e-10 
 3.87345313e+00  3.87345313e+00  1.07634583e-10 
 3.87845313e+00  3.87845313e+00 -1.07634484e-10 
 3.88345313e+00  3.88345313e+00  1.07634385e-10 
 3.88845313e+00  3.88845313e+00 -1.07634286e-10 
 3.89345313e+00  3.89345313e+00  1.07634187e-10 
 3.89845313e+00  3.89845313e+00 -1.07634088e-10 
 3.90345313e+00  3.90345313e+00  1.07633989e-10 
 3.90845313e+00  3.90845313e+00 -1.07633890e-10 
 3.91345313e+00  3.91345313e+00  1.07633791e-10 
 3.91845313e+00  3.91845313e+00 -1.07633692e-10 
 3.92345313e+00  3.92345313e+00  1.07633593e-10 
 3.92845313e+00  3.92845313e+00 -1.07633493e-10 
 3.93345313e+00  3.93345313e+00  1.07633394e-10 
 3.93845313e+00  3.93845313e+00 -1.07633295e-10 
 3.94345313e+00  3.94345313e+00  1.07633196e-10 
 3.94845313e+00  3.94845313e+00 -1.07633097e-10 
 3.95345313e+00  3.95345313e+00  1.07632998e-10 
 3.95845313e+00  3.95845313e+00 -1.07632899e-10 
 3.96345313e+00  3.96345313e+00  1.07632800e-10 
 3.96845313e+00  3.96845313e+00 -1.07632701e-10 
 3.97345313e+00  3.97345313e+00  1.07632602e-10 
 3.97845313e+00  3.97845313e+00 -1.07632503e-10 
 3.98345313e+00  3.98345313e+00  1.07632404e-10 
 3.98845313e+00  3.98845313e+00 -1.07632305e-10 
 3.99345313e+00  3.99345313e+00  1.07632206e-10 
 3.99672657e+00  3.99672657e+00 -1.07632055e-10 
 4.00000000e+00  4.00000000e+00  1.07631904e-10 
 4.00000000e+00  4.00000000e+00  4.00320525e-03 
 4.00000000e+00  4.00000000e+00  1.14350071e-02 
 4.00000000e+00  4.00000000e+00  2.27247857e-02 
 4.00000000e+00  4.00000000e+00  3.35790413e-02 
 4.00000000e+00  4.00000000e+00  3.29564390e-02 
 4.00000000e+00  4.00000000e+00  3.18515878e-02 
 4.00000000e+00  4.00000000e+00  3.09019261e-02 
 4.00000000e+00  4.00000000e+00  3.09237724e-02 
 4.00000000e+00  4.00000000e+00  3.09213062e-02 
 4.00000000e+00  4.00000000e+00  3.09234548e-02 
 4.00000000e+00  4.00000000e+00  3.09218929e-02 
 4.00000000e+00  4.00000000e+00  3.09232354e-02 
 4.00000001e+00  4.00000001e+00  3.09219916e-02 
 4.00000001e+00  4.00000001e+00  3.09231899e-02 
 4.00000003e+00  4.00000003e+00  3.09220140e-02 
 4.00000005e+00  4.00000005e+00  3.09231790e-02 
 4.00000011e+00  4.00000011e+00  3.09220195e-02 
 4.00000021e+00  4.00000021e+00  3.09231763e-02 
 4.00000042e+00  4.00000042e+00  3.09220209e-02 
 4.00000084e+00  4.00000084e+00  3.09231756e-02 
 4.00000168e+00  4.00000168e+00  3.09220212e-02 
 4.00000336e+00  4.00000336e+00  3.09231755e-02 
 4.00000672e+00  4.00000672e+00  3.09220213e-02 
 4.00001344e+00  4.00001344e+00  3.09231754e-02 
 4.00002688e+00  4.00002688e+00  3.09220213e-02 
 4.00005376e+00  4.00005376e+00  3.09231754e-02 
 4.00010752e+00  4.00010752e+00  3.09220213e-02 
 4.00021503e+00  4.00021503e+00  3.09231754e-02 
 4.00043006e+00  4.00043006e+00  3.09220213e-02 
 4.00086012e+00  4.00086012e+00  3.09231754e-02 
 4.00172024e+00  4.00172024e+00  3.09220213e-02 
 4.00344047e+00  4.00344047e+00  3.09231754e-02 
 4.00688095e+00  4.00688095e+00  3.09220213e-02 
 4.01188095e+00  4.01188095e+00  3.09231754e-02 
 4.01688095e+00  4.01688095e+00  3.09220213e-02 
 4.02188095e+00  4.02188095e+00  3.09231754e-02 
 4.02688095e+00  4.02688095e+00  3.09220213e-02 
 4.03188095e+00  4.03188095e+00  3.09231754e-02 
 4.03688095e+00  4.03688095e+00  3.09220213e-02 
 4.04188095e+00  4.04188095e+00  3.09231754e-02 
 4.04688095e+00  4.04688095e+00  3.09220213e-02 
 4.05188095e+00  4.05188095e+00  3.09231754e-02 
 4.05688095e+00  4.05688095e+00  3.09220213e-02 
 4.06188095e+00  4.06188095e+00  3.09231754e-02 
 4.06688095e+00  4.06688095e+00  3.09220213e-02 
 4.07188095e+00  4.07188095e+00  3.09231754e-02 
 4.07688095e+00  4.07688095e+00  3.09220213e-02 
 4.08188095e+00  4.08188095e+00  3.09231754e-02 
 4.08688095e+00  4.08688095e+00  3.09220213e-02 
 4.09188095e+00  4.09188095e+00  3.09231754e-02 
 4.09688095e+00  4.09688095e+00  3.09220213e-02 
 4.10188095e+00  4.10188095e+00  3.09231754e-02 
 4.10688095e+00  4.10688095e+00  3.09220213e-02 
 4.11188095e+00  4.11188095e+00  3.09231754e-02 
 4.11688095e+00  4.11688095e+00  3.09220213e-02 
 4.12188095e+00  4.12188095e+00  3.09231754e-02 
 4.12688095e+00  4.12688095e+00  3.09220213e-02 
 4.13188095e+00  4.13188095e+00  3.09231754e-02 
 4.13688095e+00  4.13688095e+00  3.09220213e-02 
 4.14188095e+00  4.14188095e+00  3.09231754e-02 
 4.14688095e+00  4.14688095e+00  3.09220213e-02 
 4.15188095e+00  4.15188095e+00  3.09231754e-02 
 4.15688095e+00  4.15688095e+00  3.09220213e-02 
 4.16188095e+00  4.16188095e+00  3.09231754e-02 
 4.16688095e+00  4.16688095e+00  3.09220213e-02 
 4.17188095e+00  4.17188095e+00  3.09231754e-02 
 4.17688095e+00  4.17688095e+00  3.09220213e-02 
 4.18188095e+00  4.18188095e+00  3.09231754e-02 
 4.18688095e+00  4.18688095e+00  3.09220213e-02 
 4.19188095e+00  4.19188095e+00  3.09231754e-02 
 4.19688095e+00  4.19688095e+00  3.09220213e-02 
 4.20188095e+00  4.20188095e+00  3.09231754e-02 
 4.20688095e+00  4.20688095e+00  3.09220213e-02 
 4.21188095e+00  4.21188095e+00  3.09231754e-02 
 4.21688095e+00  4.21688095e+00  3.09220213e-02 
 4.22188095e+00  4.22188095e+00  3.09231754e-02 
 4.22688095e+00  4.22688095e+00  3.09220213e-02 
 4.23188095e+00  4.23188095e+00  3.09231754e-02 
 4.23688095e+00  4.23688095e+00  3.09220213e-02 
 4.24188095e+00  4.24188095e+00  3.09231754e-02 
 4.24688095e+00  4.24688095e+00  3.09220213e-02 
 4.25188095e+00  4.25188095e+00  3.09231754e-02 
 4.25688095e+00  4.25688095e+00  3.09220213e-02 
 4.26188095e+00  4.26188095e+00  3.09231754e-02 
 4.26688095e+00  4.26688095e+00  3.09220213e-02 
 4.27188095e+00  4.27188095e+00  3.09231754e-02 
 4.27688095e+00  4.27688095e+00  3.09220213e-02 
 4.28188095e+00  4.28188095e+00  3.09231754e-02 
 4.28688095e+00  4.28688095e+00  3.09220213e-02 
 4.29188095e+00  4.29188095e+00  3.09231754e-02 
 4.29688095e+00  4.29688095e+00  3.09220213e-02 
 4.30188095e+00  4.30188095e+00  3.09231754e-02 
 4.30688095e+00  4.30688095e+00  3.09220213e-02 
 4.31188095e+00  4.31188095e+00  3.09231754e-02 
 4.31688095e+00  4.31688095e+00  3.09220213e-02 
 4.32188095e+00  4.32188095e+00  3.09231754e-02 
 4.32688095e+00  4.32688095e+00  3.09220213e-02 
 4.33188095e+00  4.33188095e+00  3.09231754e-02 
 4.33688095e+00  4.33688095e+00  3.09220213e-02 
 4.34188095e+00  4.34188095e+00  3.09231754e-02 
 4.34688095e+00  4.34688095e+00  3.09220213e-02 
 4.35188095e+00  4.35188095e+00  3.09231754e-02 
 4.35688095e+00  4.35688095e+00  3.09220213e-02 
 4.36188095e+00  4.36188095e+00  3.09231754e-02 
 4.36688095e+00  4.36688095e+00  3.09220213e-02 
 4.37188095e+00  4.37188095e+00  3.09231754e-02 
 4.37688095e+00  4.37688095e+00  3.09220213e-02 
 4.38188095e+00  4.38188095e+00  3.09231754e-02 
 4.38688095e+00  4.38688095e+00  3.09220213e-02 
 4.39188095e+00  4.39188095e+00  3.09231754e-02 
 4.39688095e+00  4.39688095e+00  3.09220213e-02 
 4.40188095e+00  4.40188095e+00  3.09231754e-02 
 4.40688095e+00  4.40688095e+00  3.09220213e-02 
 4.41188095e+00  4.41188095e+00  3.09231754e-02 
 4.41688095e+00  4.41688095e+00  3.09220213e-02 
 4.42188095e+00  4.42188095e+00  3.09231754e-02 
 4.42688095e+00  4.42688095e+00  3.09220213e-02 
 4.43188095e+00  4.43188095e+00  3.09231754e-02 
 4.43688095e+00  4.43688095e+00  3.09220213e-02 
 4.44188095e+00  4.44188095e+00  3.09231754e-02 
 4.44688095e+00  4.44688095e+00  3.09220213e-02 
 4.45188095e+00  4.45188095e+00  3.09231754e-02 
 4.45688095e+00  4.45688095e+00  3.09220213e-02 
 4.46188095e+00  4.46188095e+00  3.09231754e-02 
 4.46688095e+00  4.46688095e+00  3.09220213e-02 
 4.47188095e+00  4.47188095e+00  3.09231754e-02 
 4.47688095e+00  4.47688095e+00  3.09220213e-02 
 4.48188095e+00  4.48188095e+00  3.09231754e-02 
 4.48688095e+00  4.48688095e+00  3.09220213e-02 
 4.49188095e+00  4.49188095e+00  3.09231754e-02 
 4.49594047e+00  4.49594047e+00  3.09220213e-02 
 4.50000000e+00  4.50000000e+00  3.09231706e-02 
 4.50000000e+00  4.50000000e+00  2.66148651e-02 
 4.50000000e+00  4.50000000e+00  1.80306510e-02 
 4.50000000e+00  4.50000000e+00  3.21017720e-03 
 4.50000000e+00  4.50000000e+00 -1.10331825e-02 
 4.50000000e+00  4.50000000e+00 -1.07653030e-02 
 4.50000000e+00  4.50000000e+00 -1.02297832e-02 
 4.50000000e+00  4.50000000e+00 -9.19013293e-03 
 4.50000000e+00  4.50000000e+00 -7.23241594e-03 
 4.50000000e+00  4.50000000e+00 -3.87574043e-03 
 4.50000001e+00  4.50000001e+00 -1.12044992e-03 
 4.50000001e+00  4.50000001e+00 -5.46185291e-04 
 4.50000001e+00  4.50000001e+00 -3.19952711e-04 
 4.50000001e+00  4.50000001e+00 -1.61346265e-04 
 4.50000001e+00  4.50000001e+00 -7.78605252e-05 
 4.50000001e+00  4.50000001e+00 -3.68532407e-05 
 4.50000001e+00  4.50000001e+00 -1.86378077e-05 
 4.50000001e+00  4.50000001e+00 -9.38883905e-06 
 4.50000001e+00  4.50000001e+00 -4.74451772e-06 
 4.50000001e+00  4.50000001e+00 -2.33090991e-06 
 4.50000001e+00  4.50000001e+00 -8.80718264e-07 
 4.50000001e+00  4.50000001e+00 -2.43637691e-07 
 4.50000002e+00  4.50000002e+00 -2.88734779e-08 
 4.50000002e+00  4.50000002e+00  1.18475805e-09 
 4.50000002e+00  4.50000002e+00 -3.43282777e-10 
 4.50000003e+00  4.50000003e+00  1.90882233e-10 
 4.50000005e+00  4.50000005e+00 -1.43221351e-10 
 4.50000008e+00  4.50000008e+00  1.24150640e-10 
 4.50000014e+00  4.50000014e+00 -1.15600340e-10 
 4.50000027e+00  4.50000027e+00  1.11549882e-10 
 4.50000053e+00  4.50000053e+00 -1.09578344e-10 
 4.50000105e+00  4.50000105e+00  1.08605700e-10 
 4.50000208e+00  4.50000208e+00 -1.08122623e-10 
 4.50000414e+00  4.50000414e+00  1.07881891e-10 
 4.50000827e+00  4.50000827e+00 -1.07761726e-10 
 4.50001653e+00  4.50001653e+00  1.07701693e-10 
 4.50003304e+00  4.50003304e+00 -1.07671690e-10 
 4.50006606e+00  4.50006606e+00  1.07656691e-10 
 4.50013210e+00  4.50013210e+00 -1.07649193e-10 
 4.50026418e+00  4.50026418e+00  1.07645444e-10 
 4.50052834e+00  4.50052834e+00 -1.07643569e-10 
 4.50105665e+00  4.50105665e+00  1.07642632e-10 
 4.50211329e+00  4.50211329e+00 -1.07642163e-10 
 4.50422657e+00  4.50422657e+00  1.07641929e-10 
 4.50845313e+00  4.50845313e+00 -1.07641812e-10 
 4.51345313e+00  4.51345313e+00  1.07641713e-10 
 4.51845313e+00  4.51845313e+00 -1.07641614e-10 
 4.52345313e+00  4.52345313e+00  1.07641515e-10 
 4.52845313e+00  4.52845313e+00 -1.07641416e-10 
 4.53345313e+00  4.53345313e+00  1.07641317e-10 
 4.53845313e+00  4.53845313e+00 -1.07641218e-10 
 4.54345313e+00  4.54345313e+00  1.07641119e-10 
 4.54845313e+00  4.54845313e+00 -1.07641019e-10 
 4.55345313e+00  4.55345313e+00  1.07640920e-10 
 4.55845313e+00  4.55845313e+00 -1.07640821e-10 
 4.56345313e+00  4.56345313e+00  1.07640722e-10 
 4.56845313e+00  4.56845313e+00 -1.07640623e-10 
 4.57345313e+00  4.57345313e+00  1.07640524e-10 
 4.57845313e+00  4.57845313e+00 -1.07640425e-10 
 4.58345313e+00  4.58345313e+00  1.07640326e-10 
 4.58845313e+00  4.58845313e+00 -1.07640227e-10 
 4.59345313e+00  4.59345313e+00  1.07640128e-10 
 4.59845313e+00  4.59845313e+00 -1.07640029e-10 
 4.60345313e+00  4.60345313e+00  1.07639930e-10 
 4.60845313e+00  4.60845313e+00 -1.07639831e-10 
 4.61345313e+00  4.61345313e+00  1.07639732e-10 
 4.61845313e+00  4.61845313e+00 -1.07639633e-10 
 4.62345313e+00  4.62345313e+00  1.07639534e-10 
 4.62845313e+00  4.62845313e+00 -1.07639435e-10 
 4.63345313e+00  4.63345313e+00  1.07639336e-10 
 4.63845313e+00  4.63845313e+00 -1.07639237e-10 
 4.64345313e+00  4.64345313e+00  1.07639138e-10 
 4.64845313e+00  4.64845313e+00 -1.07639039e-10 
 4.65345313e+00  4.65345313e+00  1.07638940e-10 
 4.65845313e+00  4.65845313e+00 -1.07638841e-10 
 4.66345313e+00  4.66345313e+00  1.07638742e-10 
 4.66845313e+00  4.66845313e+00 -1.07638643e-10 
 4.67345313e+00  4.67345313e+00  1.07638544e-10 
 4.67845313e+00  4.67845313e+00 -1.07638445e-10 
 4.68345313e+00  4.68345313e+00  1.07638346e-10 
 4.68845313e+00  4.68845313e+00 -1.07638247e-10 
 4.69345313e+00  4.69345313e+00  1.07638148e-10 
 4.69845313e+00  4.69845313e+00 -1.07638049e-10 
 4.70345313e+00  4.70345313e+00  1.07637950e-10 
 4.70845313e+00  4.70845313e+00 -1.07637851e-10 
 4.71345313e+00  4.71345313e+00  1.07637752e-10 
 4.71845313e+00  4.71845313e+00 -1.07637653e-10 
 4.72345313e+00  4.72345313e+00  1.07637554e-10 
 4.72845313e+00  4.72845313e+00 -1.07637454e-10 
 4.73345313e+00  4.73345313e+00  1.07637355e-10 
 4.73845313e+00  4.73845313e+00 -1.07637256e-10 
 4.74345313e+00  4.74345313e+00  1.07637157e-10 
 4.74845313e+00  4.74845313e+00 -1.07637058e-10 
 4.75345313e+00  4.75345313e+00  1.07636959e-10 
 4.75845313e+00  4.75845313e+00 -1.07636860e-10 
 4.76345313e+00  4.76345313e+00  1.07636761e-10 
 4.76845313e+00  4.76845313e+00 -1.07636662e-10 
 4.77345313e+00  4.77345313e+00  1.07636563e-10 
 4.77845313e+00  4.77845313e+00 -1.07636464e-10 
 4.78345313e+00  4.78345313e+00  1.07636365e-10 
 4.78845313e+00  4.78845313e+00 -1.07636266e-10 
 4.79345313e+00  4.79345313e+00  1.07636167e-10 
 4.79845313e+00  4.79845313e+00 -1.07636068e-10 
 4.80345313e+00  4.80345313e+00  1.07635969e-10 
 4.80845313e+00  4.80845313e+00 -1.07635870e-10 
 4.81345313e+00  4.81345313e+00  1.07635771e-10 
 4.81845313e+00  4.81845313e+00 -1.07635672e-10 
 4.82345313e+00  4.82345313e+00  1.07635573e-10 
 4.82845313e+00  4.82845313e+00 -1.07635474e-10 
 4.83345313e+00  4.83345313e+00  1.07635375e-10 
 4.83845313e+00  4.83845313e+00 -1.07635276e-10 
 4.84345313e+00  4.84345313e+00  1.07635177e-10 
 4.84845313e+00  4.84845313e+00 -1.07635078e-10 
 4.85345313e+00  4.85345313e+00  1.07634979e-10 
 4.85845313e+00  4.85845313e+00 -1.07634880e-10 
 4.86345313e+00  4.86345313e+00  1.07634781e-10 
 4.86845313e+00  4.86845313e+00 -1.07634682e-10 
 4.87345313e+00  4.87345313e+00  1.07634583e-10 
 4.87845313e+00  4.87845313e+00 -1.07634484e-10 
 4.88345313e+00  4.88345313e+00  1.07634385e-10 
 4.88845313e+00  4.88845313e+00 -1.07634286e-10 
 4.89345313e+00  4.89345313e+00  1.07634187e-10 
 4.89845313e+00  4.89845313e+00 -1.07634088e-10 
 4.90345313e+00  4.90345313e+00  1.07633989e-10 
 4.90845313e+00  4.90845313e+00 -1.07633890e-10 
 4.91345313e+00  4.91345313e+00  1.07633791e-10 
 4.91845313e+00  4.91845313e+00 -1.07633692e-10 
 4.92345313e+00  4.92345313e+00  1.07633593e-10 
 4.92845313e+00  4.92845313e+00 -1.07633493e-10 
 4.93345313e+00  4.93345313e+00  1.07633394e-10 
 4.93845313e+00  4.93845313e+00 -1.07633295e-10 
 4.94345313e+00  4.94345313e+00  1.07633196e-10 
 4.94845313e+00  4.94845313e+00 -1.07633097e-10 
 4.95345313e+00  4.95345313e+00  1.07632998e-10 
 4.95845313e+00  4.95845313e+00 -1.07632899e-10 
 4.96345313e+00  4.96345313e+00  1.07632800e-10 
 4.96845313e+00  4.96845313e+00 -1.07632701e-10 
 4.97345313e+00  4.97345313e+00  1.07632602e-10 
 4.97845313e+00  4.97845313e+00 -1.07632503e-10 
 4.98345313e+00  4.98345313e+00  1.07632404e-10 
 4.98845313e+00  4.98845313e+00 -1.07632305e-10 
 4.99345313e+00  4.99345313e+00  1.07632206e-10 
 4.99672657e+00  4.99672657e+00 -1.07632055e-10 
 5.00000000e+00  5.00000000e+00  1.07631904e-10 
 5.00000000e+00  5.00000000e+00  4.00320525e-03 
 5.00000000e+00  5.00000000e+00  1.14350071e-02 
 5.00000000e+00  5.00000000e+00  2.27247857e-02 
 5.00000000e+00  5.00000000e+00  3.35790413e-02 
 5.00000000e+00  5.00000000e+00  3.29564390e-02 
 5.00000000e+00  5.00000000e+00  3.18515878e-02 
 5.00000000e+00  5.00000000e+00  3.09019261e-02 
 5.00000000e+00  5.00000000e+00  3.09237724e-02 
 5.00000000e+00  5.00000000e+00  3.09213062e-02 
 5.00000000e+00  5.00000000e+00  3.09234548e-02 
 5.00000000e+00  5.00000000e+00  3.09218929e-02 
 5.00000000e+00  5.00000000e+00  3.09232354e-02 
 5.00000001e+00  5.00000001e+00  3.09219916e-02 
 5.00000001e+00  5.00000001e+00  3.09231899e-02 
 5.00000003e+00  5.00000003e+00  3.09220140e-02 
 5.00000005e+00  5.00000005e+00  3.09231790e-02 
 5.00000011e+00  5.00000011e+00  3.09220195e-02 
 5.00000021e+00  5.00000021e+00  3.09231763e-02 
 5.00000042e+00  5.00000042e+00  3.09220209e-02 
 5.00000084e+00  5.00000084e+00  3.09231756e-02 
 5.00000168e+00  5.00000168e+00  3.09220212e-02 
 5.00000336e+00  5.00000336e+00  3.09231755e-02 
 5.00000672e+00  5.00000672e+00  3.09220213e-02 
 5.00001344e+00  5.00001344e+00  3.09231754e-02 
 5.00002688e+00  5.00002688e+00  3.09220213e-02 
 5.00005376e+00  5.00005376e+00  3.09231754e-02 
 5.00010752e+00  5.00010752e+00  3.09220213e-02 
 5.00021503e+00  5.00021503e+00  3.09231754e-02 
 5.00043006e+00  5.00043006e+00  3.09220213e-02 
 5.00086012e+00  5.00086012e+00  3.09231754e-02 
 5.00172024e+00  5.00172024e+00  3.09220213e-02 
 5.00344047e+00  5.00344047e+00  3.09231754e-02 
 5.00688095e+00  5.00688095e+00  3.09220213e-02 
 5.01188095e+00  5.01188095e+00  3.09231754e-02 
 5.01688095e+00  5.01688095e+00  3.09220213e-02 
 5.02188095e+00  5.02188095e+00  3.09231754e-02 
 5.02688095e+00  5.02688095e+00  3.09220213e-02 
 5.03188095e+00  5.03188095e+00  3.09231754e-02 
 5.03688095e+00  5.03688095e+00  3.09220213e-02 
 5.04188095e+00  5.04188095e+00  3.09231754e-02 
 5.04688095e+00  5.04688095e+00  3.09220213e-02 
 5.05188095e+00  5.05188095e+00  3.09231754e-02 
 5.05688095e+00  5.05688095e+00  3.09220213e-02 
 5.06188095e+00  5.06188095e+00  3.09231754e-02 
 5.06688095e+00  5.06688095e+00  3.09220213e-02 
 5.07188095e+00  5.07188095e+00  3.09231754e-02 
 5.07688095e+00  5.07688095e+00  3.09220213e-02 
 5.08188095e+00  5.08188095e+00  3.09231754e-02 
 5.08688095e+00  5.08688095e+00  3.09220213e-02 
 5.09188095e+00  5.09188095e+00  3.09231754e-02 
 5.09688095e+00  5.09688095e+00  3.09220213e-02 
 5.10188095e+00  5.10188095e+00  3.09231754e-02 
 5.10688095e+00  5.10688095e+00  3.09220213e-02 
 5.11188095e+00  5.11188095e+00  3.09231754e-02 
 5.11688095e+00  5.11688095e+00  3.09220213e-02 
 5.12188095e+00  5.12188095e+00  3.09231754e-02 
 5.12688095e+00  5.12688095e+00  3.09220213e-02 
 5.13188095e+00  5.13188095e+00  3.09231754e-02 
 5.13688095e+00  5.13688095e+00  3.09220213e-02 
 5.14188095e+00  5.14188095e+00  3.09231754e-02 
 5.14688095e+00  5.14688095e+00  3.09220213e-02 
 5.15188095e+00  5.15188095e+00  3.09231754e-02 
 5.15688095e+00  5.15688095e+00  3.09220213e-02 
 5.16188095e+00  5.16188095e+00  3.09231754e-02 
 5.16688095e+00  5.16688095e+00  3.09220213e-02 
 5.17188095e+00  5.17188095e+00  3.09231754e-02 
 5.17688095e+00  5.17688095e+00  3.09220213e-02 
 5.18188095e+00  5.18188095e+00  3.09231754e-02 
 5.18688095e+00  5.18688095e+00  3.09220213e-02 
 5.19188095e+00  5.19188095e+00  3.09231754e-02 
 5.19688095e+00  5.19688095e+00  3.09220213e-02 
 5.20188095e+00  5.20188095e+00  3.09231754e-02 
 5.20688095e+00  5.20688095e+00  3.09220213e-02 
 5.21188095e+00  5.21188095e+00  3.09231754e-02 
 5.21688095e+00  5.21688095e+00  3.09220213e-02 
 5.22188095e+00  5.22188095e+00  3.09231754e-02 
 5.22688095e+00  5.22688095e+00  3.09220213e-02 
 5.23188095e+00  5.23188095e+00  3.09231754e-02 
 5.23688095e+00  5.23688095e+00  3.09220213e-02 
 5.24188095e+00  5.24188095e+00  3.09231754e-02 
 5.24688095e+00  5.24688095e+00  3.09220213e-02 
 5.25188095e+00  5.25188095e+00  3.09231754e-02 
 5.25688095e+00  5.25688095e+00  3.09220213e-02 
 5.26188095e+00  5.26188095e+00  3.09231754e-02 
 5.26688095e+00  5.26688095e+00  3.09220213e-02 
 5.27188095e+00  5.27188095e+00  3.09231754e-02 
 5.27688095e+00  5.27688095e+00  3.09220213e-02 
 5.28188095e+00  5.28188095e+00  3.09231754e-02 
 5.28688095e+00  5.28688095e+00  3.09220213e-02 
 5.29188095e+00  5.29188095e+00  3.09231754e-02 
 5.29688095e+00  5.29688095e+00  3.09220213e-02 
 5.30188095e+00  5.30188095e+00  3.09231754e-02 
 5.30688095e+00  5.30688095e+00  3.09220213e-02 
 5.31188095e+00  5.31188095e+00  3.09231754e-02 
 5.31688095e+00  5.31688095e+00  3.09220213e-02 
 5.32188095e+00  5.32188095e+00  3.09231754e-02 
 5.32688095e+00  5.32688095e+00  3.09220213e-02 
 5.33188095e+00  5.33188095e+00  3.09231754e-02 
 5.33688095e+00  5.33688095e+00  3.09220213e-02 
 5.34188095e+00  5.34188095e+00  3.09231754e-02 
 5.34688095e+00  5.34688095e+00  3.09220213e-02 
 5.35188095e+00  5.35188095e+00  3.09231754e-02 
 5.35688095e+00  5.35688095e+00  3.09220213e-02 
 5.36188095e+00  5.36188095e+00  3.09231754e-02 
 5.36688095e+00  5.36688095e+00  3.09220213e-02 
 5.37188095e+00  5.37188095e+00  3.09231754e-02 
 5.37688095e+00  5.37688095e+00  3.09220213e-02 
 5.38188095e+00  5.38188095e+00  3.09231754e-02 
 5.38688095e+00  5.38688095e+00  3.09220213e-02 
 5.39188095e+00  5.39188095e+00  3.09231754e-02 
 5.39688095e+00  5.39688095e+00  3.09220213e-02 
 5.40188095e+00  5.40188095e+00  3.09231754e-02 
 5.40688095e+00  5.40688095e+00  3.09220213e-02 
 5.41188095e+00  5.41188095e+00  3.09231754e-02 
 5.41688095e+00  5.41688095e+00  3.09220213e-02 
 5.42188095e+00  5.42188095e+00  3.09231754e-02 
 5.42688095e+00  5.42688095e+00  3.09220213e-02 
 5.43188095e+00  5.43188095e+00  3.09231754e-02 
 5.43688095e+00  5.43688095e+00  3.09220213e-02 
 5.44188095e+00  5.44188095e+00  3.09231754e-02 
 5.44688095e+00  5.44688095e+00  3.09220213e-02 
 5.45188095e+00  5.45188095e+00  3.09231754e-02 
 5.45688095e+00  5.45688095e+00  3.09220213e-02 
 5.46188095e+00  5.46188095e+00  3.09231754e-02 
 5.46688095e+00  5.46688095e+00  3.09220213e-02 
 5.47188095e+00  5.47188095e+00  3.09231754e-02 
 5.47688095e+00  5.47688095e+00  3.09220213e-02 
 5.48188095e+00  5.48188095e+00  3.09231754e-02 
 5.48688095e+00  5.48688095e+00  3.09220213e-02 
 5.49188095e+00  5.49188095e+00  3.09231754e-02 
 5.49594047e+00  5.49594047e+00  3.09220213e-02 
 5.50000000e+00  5.50000000e+00  3.09231706e-02 
 5.50000000e+00  5.50000000e+00  2.66148651e-02 
 5.50000000e+00  5.50000000e+00  1.80306510e-02 
 5.50000000e+00  5.50000000e+00  3.21017720e-03 
 5.50000000e+00  5.50000000e+00 -1.10331825e-02 
 5.50000000e+00  5.50000000e+00 -1.07653030e-02 
 5.50000000e+00  5.50000000e+00 -1.02297832e-02 
 5.50000000e+00  5.50000000e+00 -9.19013293e-03 
 5.50000000e+00  5.50000000e+00 -7.23241594e-03 
 5.50000000e+00  5.50000000e+00 -3.87574043e-03 
 5.50000001e+00  5.50000001e+00 -1.12044992e-03 
 5.50000001e+00  5.50000001e+00 -5.46185291e-04 
 5.50000001e+00  5.50000001e+00 -3.19952711e-04 
 5.50000001e+00  5.50000001e+00 -1.61346265e-04 
 5.50000001e+00  5.50000001e+00 -7.78605252e-05 
 5.50000001e+00  5.50000001e+00 -3.68532407e-05 
 5.50000001e+00  5.50000001e+00 -1.86378077e-05 
 5.50000001e+00  5.50000001e+00 -9.38883905e-06 
 5.50000001e+00  5.50000001e+00 -4.74451772e-06 
 5.50000001e+00  5.50000001e+00 -2.33090991e-06 
 5.50000001e+00  5.50000001e+00 -8.80718264e-07 
 5.50000001e+00  5.50000001e+00 -2.43637691e-07 
 5.50000002e+00  5.50000002e+00 -2.88734779e-08 
 5.50000002e+00  5.50000002e+00  1.18475805e-09 
 5.50000002e+00  5.50000002e+00 -3.43282777e-10 
 5.50000003e+00  5.50000003e+00  1.90882233e-10 
 5.50000005e+00  5.50000005e+00 -1.43221351e-10 
 5.50000008e+00  5.50000008e+00  1.24150640e-10 
 5.50000014e+00  5.50000014e+00 -1.15600340e-10 
 5.50000027e+00  5.50000027e+00  1.11549882e-10 
 5.50000053e+00  5.50000053e+00 -1.09578344e-10 
 5.50000105e+00  5.50000105e+00  1.08605700e-10 
 5.50000208e+00  5.50000208e+00 -1.08122623e-10 
 5.50000414e+00  5.50000414e+00  1.07881891e-10 
 5.50000827e+00  5.50000827e+00 -1.07761726e-10 
 5.50001653e+00  5.50001653e+00  1.07701693e-10 
 5.50003304e+00  5.50003304e+00 -1.07671690e-10 
 5.50006606e+00  5.50006606e+00  1.07656691e-10 
 5.50013210e+00  5.50013210e+00 -1.07649193e-10 
 5.50026418e+00  5.50026418e+00  1.07645444e-10 
 5.50052834e+00  5.50052834e+00 -1.07643569e-10 
 5.50105665e+00  5.50105665e+00  1.07642632e-10 
 5.50211329e+00  5.50211329e+00 -1.07642163e-10 
 5.50422657e+00  5.50422657e+00  1.07641929e-10 
 5.50845313e+00  5.50845313e+00 -1.07641812e-10 
 5.51345313e+00  5.51345313e+00  1.07641713e-10 
 5.51845313e+00  5.51845313e+00 -1.07641614e-10 
 5.52345313e+00  5.52345313e+00  1.07641515e-10 
 5.52845313e+00  5.52845313e+00 -1.07641416e-10 
 5.53345313e+00  5.53345313e+00  1.07641317e-10 
 5.53845313e+00  5.53845313e+00 -1.07641218e-10 
 5.54345313e+00  5.54345313e+00  1.07641119e-10 
 5.54845313e+00  5.54845313e+00 -1.07641019e-10 
 5.55345313e+00  5.55345313e+00  1.07640920e-10 
 5.55845313e+00  5.55845313e+00 -1.07640821e-10 
 5.56345313e+00  5.56345313e+00  1.07640722e-10 
 5.56845313e+00  5.56845313e+00 -1.07640623e-10 
 5.57345313e+00  5.57345313e+00  1.07640524e-10 
 5.57845313e+00  5.57845313e+00 -1.07640425e-10 
 5.58345313e+00  5.58345313e+00  1.07640326e-10 
 5.58845313e+00  5.58845313e+00 -1.07640227e-10 
 5.59345313e+00  5.59345313e+00  1.07640128e-10 
 5.59845313e+00  5.59845313e+00 -1.07640029e-10 
 5.60345313e+00  5.60345313e+00  1.07639930e-10 
 5.60845313e+00  5.60845313e+00 -1.07639831e-10 
 5.61345313e+00  5.61345313e+00  1.07639732e-10 
 5.61845313e+00  5.61845313e+00 -1.07639633e-10 
 5.62345313e+00  5.62345313e+00  1.07639534e-10 
 5.62845313e+00  5.62845313e+00 -1.07639435e-10 
 5.63345313e+00  5.63345313e+00  1.07639336e-10 
 5.63845313e+00  5.63845313e+00 -1.07639237e-10 
 5.64345313e+00  5.64345313e+00  1.07639138e-10 
 5.64845313e+00  5.64845313e+00 -1.07639039e-10 
 5.65345313e+00  5.65345313e+00  1.07638940e-10 
 5.65845313e+00  5.65845313e+00 -1.07638841e-10 
 5.66345313e+00  5.66345313e+00  1.07638742e-10 
 5.66845313e+00  5.66845313e+00 -1.07638643e-10 
 5.67345313e+00  5.67345313e+00  1.07638544e-10 
 5.67845313e+00  5.67845313e+00 -1.07638445e-10 
 5.68345313e+00  5.68345313e+00  1.07638346e-10 
 5.68845313e+00  5.68845313e+00 -1.07638247e-10 
 5.69345313e+00  5.69345313e+00  1.07638148e-10 
 5.69845313e+00  5.69845313e+00 -1.07638049e-10 
 5.70345313e+00  5.70345313e+00  1.07637950e-10 
 5.70845313e+00  5.70845313e+00 -1.07637851e-10 
 5.71345313e+00  5.71345313e+00  1.07637752e-10 
 5.71845313e+00  5.71845313e+00 -1.07637653e-10 
 5.72345313e+00  5.72345313e+00  1.07637554e-10 
 5.72845313e+00  5.72845313e+00 -1.07637454e-10 
 5.73345313e+00  5.73345313e+00  1.07637355e-10 
 5.73845313e+00  5.73845313e+00 -1.07637256e-10 
 5.74345313e+00  5.74345313e+00  1.07637157e-10 
 5.74845313e+00  5.74845313e+00 -1.07637058e-10 
 5.75345313e+00  5.75345313e+00  1.07636959e-10 
 5.75845313e+00  5.75845313e+00 -1.07636860e-10 
 5.76345313e+00  5.76345313e+00  1.07636761e-10 
 5.76845313e+00  5.76845313e+00 -1.07636662e-10 
 5.77345313e+00  5.77345313e+00  1.07636563e-10 
 5.77845313e+00  5.77845313e+00 -1.07636464e-10 
 5.78345313e+00  5.78345313e+00  1.07636365e-10 
 5.78845313e+00  5.78845313e+00 -1.07636266e-10 
 5.79345313e+00  5.79345313e+00  1.07636167e-10 
 5.79845313e+00  5.79845313e+00 -1.07636068e-10 
 5.80345313e+00  5.80345313e+00  1.07635969e-10 
 5.80845313e+00  5.80845313e+00 -1.07635870e-10 
 5.81345313e+00  5.81345313e+00  1.07635771e-10 
 5.81845313e+00  5.81845313e+00 -1.07635672e-10 
 5.82345313e+00  5.82345313e+00  1.07635573e-10 
 5.82845313e+00  5.82845313e+00 -1.07635474e-10 
 5.83345313e+00  5.83345313e+00  1.07635375e-10 
 5.83845313e+00  5.83845313e+00 -1.07635276e-10 
 5.84345313e+00  5.84345313e+00  1.07635177e-10 
 5.84845313e+00  5.84845313e+00 -1.07635078e-10 
 5.85345313e+00  5.85345313e+00  1.07634979e-10 
 5.85845313e+00  5.85845313e+00 -1.07634880e-10 
 5.86345313e+00  5.86345313e+00  1.07634781e-10 
 5.86845313e+00  5.86845313e+00 -1.07634682e-10 
 5.87345313e+00  5.87345313e+00  1.07634583e-10 
 5.87845313e+00  5.87845313e+00 -1.07634484e-10 
 5.88345313e+00  5.88345313e+00  1.07634385e-10 
 5.88845313e+00  5.88845313e+00 -1.07634286e-10 
 5.89345313e+00  5.89345313e+00  1.07634187e-10 
 5.89845313e+00  5.89845313e+00 -1.07634088e-10 
 5.90345313e+00  5.90345313e+00  1.07633989e-10 
 5.90845313e+00  5.90845313e+00 -1.07633890e-10 
 5.91345313e+00  5.91345313e+00  1.07633791e-10 
 5.91845313e+00  5.91845313e+00 -1.07633692e-10 
 5.92345313e+00  5.92345313e+00  1.07633593e-10 
 5.92845313e+00  5.92845313e+00 -1.07633493e-10 
 5.93345313e+00  5.93345313e+00  1.07633394e-10 
 5.93845313e+00  5.93845313e+00 -1.07633295e-10 
 5.94345313e+00  5.94345313e+00  1.07633196e-10 
 5.94845313e+00  5.94845313e+00 -1.07633097e-10 
 5.95345313e+00  5.95345313e+00  1.07632998e-10 
 5.95845313e+00  5.95845313e+00 -1.07632899e-10 
 5.96345313e+00  5.96345313e+00  1.07632800e-10 
 5.96845313e+00  5.96845313e+00 -1.07632701e-10 
 5.97345313e+00  5.97345313e+00  1.07632602e-10 
 5.97845313e+00  5.97845313e+00 -1.07632503e-10 
 5.98345313e+00  5.98345313e+00  1.07632404e-10 
 5.98845313e+00  5.98845313e+00 -1.07632305e-10 
 5.99345313e+00  5.99345313e+00  1.07632206e-10 
 5.99672657e+00  5.99672657e+00 -1.07632055e-10 
 6.00000000e+00  6.00000000e+00  1.07631904e-10 
 6.00000000e+00  6.00000000e+00  4.00320525e-03 
 6.00000000e+00  6.00000000e+00  1.14350071e-02 
 6.00000000e+00  6.00000000e+00  2.27247857e-02 
 6.00000000e+00  6.00000000e+00  3.35790413e-02 
 6.00000000e+00  6.00000000e+00  3.29564390e-02 
 6.00000000e+00  6.00000000e+00  3.18515878e-02 
 6.00000000e+00  6.00000000e+00  3.09019261e-02 
 6.00000000e+00  6.00000000e+00  3.09237724e-02 
 6.00000000e+00  6.00000000e+00  3.09213062e-02 
 6.00000000e+00  6.00000000e+00  3.09234548e-02 
 6.00000000e+00  6.00000000e+00  3.09218929e-02 
 6.00000000e+00  6.00000000e+00  3.09232354e-02 
 6.00000001e+00  6.00000001e+00  3.09219916e-02 
 6.00000001e+00  6.00000001e+00  3.09231899e-02 
 6.00000003e+00  6.00000003e+00  3.09220140e-02 
 6.00000005e+00  6.00000005e+00  3.09231790e-02 
 6.00000011e+00  6.00000011e+00  3.09220195e-02 
 6.00000021e+00  6.00000021e+00  3.09231763e-02 
 6.00000042e+00  6.00000042e+00  3.09220209e-02 
 6.00000084e+00  6.00000084e+00  3.09231756e-02 
 6.00000168e+00  6.00000168e+00  3.09220212e-02 
 6.00000336e+00  6.00000336e+00  3.09231755e-02 
 6.00000672e+00  6.00000672e+00  3.09220213e-02 
 6.00001344e+00  6.00001344e+00  3.09231754e-02 
 6.00002688e+00  6.00002688e+00  3.09220213e-02 
 6.00005376e+00  6.00005376e+00  3.09231754e-02 
 6.00010752e+00  6.00010752e+00  3.09220213e-02 
 6.00021503e+00  6.00021503e+00  3.09231754e-02 
 6.00043006e+00  6.00043006e+00  3.09220213e-02 
 6.00086012e+00  6.00086012e+00  3.09231754e-02 
 6.00172024e+00  6.00172024e+00  3.09220213e-02 
 6.00344047e+00  6.00344047e+00  3.09231754e-02 
 6.00688095e+00  6.00688095e+00  3.09220213e-02 
 6.01188095e+00  6.01188095e+00  3.09231754e-02 
 6.01688095e+00  6.01688095e+00  3.09220213e-02 
 6.02188095e+00  6.02188095e+00  3.09231754e-02 
 6.02688095e+00  6.02688095e+00  3.09220213e-02 
 6.03188095e+00  6.03188095e+00  3.09231754e-02 
 6.03688095e+00  6.03688095e+00  3.09220213e-02 
 6.04188095e+00  6.04188095e+00  3.09231754e-02 
 6.04688095e+00  6.04688095e+00  3.09220213e-02 
 6.05188095e+00  6.05188095e+00  3.09231754e-02 
 6.05688095e+00  6.05688095e+00  3.09220213e-02 
 6.06188095e+00  6.06188095e+00  3.09231754e-02 
 6.06688095e+00  6.06688095e+00  3.09220213e-02 
 6.07188095e+00  6.07188095e+00  3.09231754e-02 
 6.07688095e+00  6.07688095e+00  3.09220213e-02 
 6.08188095e+00  6.08188095e+00  3.09231754e-02 
 6.08688095e+00  6.08688095e+00  3.09220213e-02 
 6.09188095e+00  6.09188095e+00  3.09231754e-02 
 6.09688095e+00  6.09688095e+00  3.09220213e-02 
 6.10188095e+00  6.10188095e+00  3.09231754e-02 
 6.10688095e+00  6.10688095e+00  3.09220213e-02 
 6.11188095e+00  6.11188095e+00  3.09231754e-02 
 6.11688095e+00  6.11688095e+00  3.09220213e-02 
 6.12188095e+00  6.12188095e+00  3.09231754e-02 
 6.12688095e+00  6.12688095e+00  3.09220213e-02 
 6.13188095e+00  6.13188095e+00  3.09231754e-02 
 6.13688095e+00  6.13688095e+00  3.09220213e-02 
 6.14188095e+00  6.14188095e+00  3.09231754e-02 
 6.14688095e+00  6.14688095e+00  3.09220213e-02 
 6.15188095e+00  6.15188095e+00  3.09231754e-02 
 6.15688095e+00  6.15688095e+00  3.09220213e-02 
 6.16188095e+00  6.16188095e+00  3.09231754e-02 
 6.16688095e+00  6.16688095e+00  3.09220213e-02 
 6.17188095e+00  6.17188095e+00  3.09231754e-02 
 6.17688095e+00  6.17688095e+00  3.09220213e-02 
 6.18188095e+00  6.18188095e+00  3.09231754e-02 
 6.18688095e+00  6.18688095e+00  3.09220213e-02 
 6.19188095e+00  6.19188095e+00  3.09231754e-02 
 6.19688095e+00  6.19688095e+00  3.09220213e-02 
 6.20188095e+00  6.20188095e+00  3.09231754e-02 
 6.20688095e+00  6.20688095e+00  3.09220213e-02 
 6.21188095e+00  6.21188095e+00  3.09231754e-02 
 6.21688095e+00  6.21688095e+00  3.09220213e-02 
 6.22188095e+00  6.22188095e+00  3.09231754e-02 
 6.22688095e+00  6.22688095e+00  3.09220213e-02 
 6.23188095e+00  6.23188095e+00  3.09231754e-02 
 6.23688095e+00  6.23688095e+00  3.09220213e-02 
 6.24188095e+00  6.24188095e+00  3.09231754e-02 
 6.24688095e+00  6.24688095e+00  3.09220213e-02 
 6.25188095e+00  6.25188095e+00  3.09231754e-02 
 6.25688095e+00  6.25688095e+00  3.09220213e-02 
 6.26188095e+00  6.26188095e+00  3.09231754e-02 
 6.26688095e+00  6.26688095e+00  3.09220213e-02 
 6.27188095e+00  6.27188095e+00  3.09231754e-02 
 6.27688095e+00  6.27688095e+00  3.09220213e-02 
 6.28188095e+00  6.28188095e+00  3.09231754e-02 
 6.28688095e+00  6.28688095e+00  3.09220213e-02 
 6.29188095e+00  6.29188095e+00  3.09231754e-02 
 6.29688095e+00  6.29688095e+00  3.09220213e-02 
 6.30188095e+00  6.30188095e+00  3.09231754e-02 
 6.30688095e+00  6.30688095e+00  3.09220213e-02 
 6.31188095e+00  6.31188095e+00  3.09231754e-02 
 6.31688095e+00  6.31688095e+00  3.09220213e-02 
 6.32188095e+00  6.32188095e+00  3.09231754e-02 
 6.32688095e+00  6.32688095e+00  3.09220213e-02 
 6.33188095e+00  6.33188095e+00  3.09231754e-02 
 6.33688095e+00  6.33688095e+00  3.09220213e-02 
 6.34188095e+00  6.34188095e+00  3.09231754e-02 
 6.34688095e+00  6.34688095e+00  3.09220213e-02 
 6.35188095e+00  6.35188095e+00  3.09231754e-02 
 6.35688095e+00  6.35688095e+00  3.09220213e-02 
 6.36188095e+00  6.36188095e+00  3.09231754e-02 
 6.36688095e+00  6.36688095e+00  3.09220213e-02 
 6.37188095e+00  6.37188095e+00  3.09231754e-02 
 6.37688095e+00  6.37688095e+00  3.09220213e-02 
 6.38188095e+00  6.38188095e+00  3.09231754e-02 
 6.38688095e+00  6.38688095e+00  3.09220213e-02 
 6.39188095e+00  6.39188095e+00  3.09231754e-02 
 6.39688095e+00  6.39688095e+00  3.09220213e-02 
 6.40188095e+00  6.40188095e+00  3.09231754e-02 
 6.40688095e+00  6.40688095e+00  3.09220213e-02 
 6.41188095e+00  6.41188095e+00  3.09231754e-02 
 6.41688095e+00  6.41688095e+00  3.09220213e-02 
 6.42188095e+00  6.42188095e+00  3.09231754e-02 
 6.42688095e+00  6.42688095e+00  3.09220213e-02 
 6.43188095e+00  6.43188095e+00  3.09231754e-02 
 6.43688095e+00  6.43688095e+00  3.09220213e-02 
 6.44188095e+00  6.44188095e+00  3.09231754e-02 
 6.44688095e+00  6.44688095e+00  3.09220213e-02 
 6.45188095e+00  6.45188095e+00  3.09231754e-02 
 6.45688095e+00  6.45688095e+00  3.09220213e-02 
 6.46188095e+00  6.46188095e+00  3.09231754e-02 
 6.46688095e+00  6.46688095e+00  3.09220213e-02 
 6.47188095e+00  6.47188095e+00  3.09231754e-02 
 6.47688095e+00  6.47688095e+00  3.09220213e-02 
 6.48188095e+00  6.48188095e+00  3.09231754e-02 
 6.48688095e+00  6.48688095e+00  3.09220213e-02 
 6.49188095e+00  6.49188095e+00  3.09231754e-02 
 6.49594047e+00  6.49594047e+00  3.09220213e-02 
 6.50000000e+00  6.50000000e+00  3.09231706e-02 
 6.50000000e+00  6.50000000e+00  2.66148651e-02 
 6.50000000e+00  6.50000000e+00  1.80306510e-02 
 6.50000000e+00  6.50000000e+00  3.21017720e-03 
 6.50000000e+00  6.50000000e+00 -1.10331825e-02 
 6.50000000e+00  6.50000000e+00 -1.07653030e-02 
 6.50000000e+00  6.50000000e+00 -1.02297832e-02 
 6.50000000e+00  6.50000000e+00 -9.19013293e-03 
 6.50000000e+00  6.50000000e+00 -7.23241594e-03 
 6.50000000e+00  6.50000000e+00 -3.87574043e-03 
 6.50000001e+00  6.50000001e+00 -1.12044992e-03 
 6.50000001e+00  6.50000001e+00 -5.46185291e-04 
 6.50000001e+00  6.50000001e+00 -3.19952711e-04 
 6.50000001e+00  6.50000001e+00 -1.61346265e-04 
 6.50000001e+00  6.50000001e+00 -7.78605252e-05 
 6.50000001e+00  6.50000001e+00 -3.68532407e-05 
 6.50000001e+00  6.50000001e+00 -1.86378077e-05 
 6.50000001e+00  6.50000001e+00 -9.38883905e-06 
 6.50000001e+00  6.50000001e+00 -4.74451772e-06 
 6.50000001e+00  6.50000001e+00 -2.33090991e-06 
 6.50000001e+00  6.50000001e+00 -8.80718264e-07 
 6.50000001e+00  6.50000001e+00 -2.43637691e-07 
 6.50000002e+00  6.50000002e+00 -2.88734779e-08 
 6.50000002e+00  6.50000002e+00  1.18475805e-09 
 6.50000002e+00  6.50000002e+00 -3.43282777e-10 
 6.50000003e+00  6.50000003e+00  1.90882233e-10 
 6.50000005e+00  6.50000005e+00 -1.43221351e-10 
 6.50000008e+00  6.50000008e+00  1.24150640e-10 
 6.50000014e+00  6.50000014e+00 -1.15600340e-10 
 6.50000027e+00  6.50000027e+00  1.11549882e-10 
 6.50000053e+00  6.50000053e+00 -1.09578344e-10 
 6.50000105e+00  6.50000105e+00  1.08605700e-10 
 6.50000208e+00  6.50000208e+00 -1.08122623e-10 
 6.50000414e+00  6.50000414e+00  1.07881891e-10 
 6.50000827e+00  6.50000827e+00 -1.07761726e-10 
 6.50001653e+00  6.50001653e+00  1.07701693e-10 
 6.50003304e+00  6.50003304e+00 -1.07671690e-10 
 6.50006606e+00  6.50006606e+00  1.07656691e-10 
 6.50013210e+00  6.50013210e+00 -1.07649193e-10 
 6.50026418e+00  6.50026418e+00  1.07645444e-10 
 6.50052834e+00  6.50052834e+00 -1.07643569e-10 
 6.50105665e+00  6.50105665e+00  1.07642632e-10 
 6.50211329e+00  6.50211329e+00 -1.07642163e-10 
 6.50422657e+00  6.50422657e+00  1.07641929e-10 
 6.50845313e+00  6.50845313e+00 -1.07641812e-10 
 6.51345313e+00  6.51345313e+00  1.07641713e-10 
 6.51845313e+00  6.51845313e+00 -1.07641614e-10 
 6.52345313e+00  6.52345313e+00  1.07641515e-10 
 6.52845313e+00  6.52845313e+00 -1.07641416e-10 
 6.53345313e+00  6.53345313e+00  1.07641317e-10 
 6.53845313e+00  6.53845313e+00 -1.07641218e-10 
 6.54345313e+00  6.54345313e+00  1.07641119e-10 
 6.54845313e+00  6.54845313e+00 -1.07641019e-10 
 6.55345313e+00  6.55345313e+00  1.07640920e-10 
 6.55845313e+00  6.55845313e+00 -1.07640821e-10 
 6.56345313e+00  6.56345313e+00  1.07640722e-10 
 6.56845313e+00  6.56845313e+00 -1.07640623e-10 
 6.57345313e+00  6.57345313e+00  1.07640524e-10 
 6.57845313e+00  6.57845313e+00 -1.07640425e-10 
 6.58345313e+00  6.58345313e+00  1.07640326e-10 
 6.58845313e+00  6.58845313e+00 -1.07640227e-10 
 6.59345313e+00  6.59345313e+00  1.07640128e-10 
 6.59845313e+00  6.59845313e+00 -1.07640029e-10 
 6.60345313e+00  6.60345313e+00  1.07639930e-10 
 6.60845313e+00  6.60845313e+00 -1.07639831e-10 
 6.61345313e+00  6.61345313e+00  1.07639732e-10 
 6.61845313e+00  6.61845313e+00 -1.07639633e-10 
 6.62345313e+00  6.62345313e+00  1.07639534e-10 
 6.62845313e+00  6.62845313e+00 -1.07639435e-10 
 6.63345313e+00  6.63345313e+00  1.07639336e-10 
 6.63845313e+00  6.63845313e+00 -1.07639237e-10 
 6.64345313e+00  6.64345313e+00  1.07639138e-10 
 6.64845313e+00  6.64845313e+00 -1.07639039e-10 
 6.65345313e+00  6.65345313e+00  1.07638940e-10 
 6.65845313e+00  6.65845313e+00 -1.07638841e-10 
 6.66345313e+00  6.66345313e+00  1.07638742e-10 
 6.66845313e+00  6.66845313e+00 -1.07638643e-10 
 6.67345313e+00  6.67345313e+00  1.07638544e-10 
 6.67845313e+00  6.67845313e+00 -1.07638445e-10 
 6.68345313e+00  6.68345313e+00  1.07638346e-10 
 6.68845313e+00  6.68845313e+00 -1.07638247e-10 
 6.69345313e+00  6.69345313e+00  1.07638148e-10 
 6.69845313e+00  6.69845313e+00 -1.07638049e-10 
 6.70345313e+00  6.70345313e+00  1.07637950e-10 
 6.70845313e+00  6.70845313e+00 -1.07637851e-10 
 6.71345313e+00  6.71345313e+00  1.07637752e-10 
 6.71845313e+00  6.71845313e+00 -1.07637653e-10 
 6.72345313e+00  6.72345313e+00  1.07637554e-10 
 6.72845313e+00  6.72845313e+00 -1.07637454e-10 
 6.73345313e+00  6.73345313e+00  1.07637355e-10 
 6.73845313e+00  6.73845313e+00 -1.07637256e-10 
 6.74345313e+00  6.74345313e+00  1.07637157e-10 
 6.74845313e+00  6.74845313e+00 -1.07637058e-10 
 6.75345313e+00  6.75345313e+00  1.07636959e-10 
 6.75845313e+00  6.75845313e+00 -1.07636860e-10 
 6.76345313e+00  6.76345313e+00  1.07636761e-10 
 6.76845313e+00  6.76845313e+00 -1.07636662e-10 
 6.77345313e+00  6.77345313e+00  1.07636563e-10 
 6.77845313e+00  6.77845313e+00 -1.07636464e-10 
 6.78345313e+00  6.78345313e+00  1.07636365e-10 
 6.78845313e+00  6.78845313e+00 -1.07636266e-10 
 6.79345313e+00  6.79345313e+00  1.07636167e-10 
 6.79845313e+00  6.79845313e+00 -1.07636068e-10 
 6.80345313e+00  6.80345313e+00  1.07635969e-10 
 6.80845313e+00  6.80845313e+00 -1.07635870e-10 
 6.81345313e+00  6.81345313e+00  1.07635771e-10 
 6.81845313e+00  6.81845313e+00 -1.07635672e-10 
 6.82345313e+00  6.82345313e+00  1.07635573e-10 
 6.82845313e+00  6.82845313e+00 -1.07635474e-10 
 6.83345313e+00  6.83345313e+00  1.07635375e-10 
 6.83845313e+00  6.83845313e+00 -1.07635276e-10 
 6.84345313e+00  6.84345313e+00  1.07635177e-10 
 6.84845313e+00  6.84845313e+00 -1.07635078e-10 
 6.85345313e+00  6.85345313e+00  1.07634979e-10 
 6.85845313e+00  6.85845313e+00 -1.07634880e-10 
 6.86345313e+00  6.86345313e+00  1.07634781e-10 
 6.86845313e+00  6.86845313e+00 -1.07634682e-10 
 6.87345313e+00  6.87345313e+00  1.07634583e-10 
 6.87845313e+00  6.87845313e+00 -1.07634484e-10 
 6.88345313e+00  6.88345313e+00  1.07634385e-10 
 6.88845313e+00  6.88845313e+00 -1.07634286e-10 
 6.89345313e+00  6.89345313e+00  1.07634187e-10 
 6.89845313e+00  6.89845313e+00 -1.07634088e-10 
 6.90345313e+00  6.90345313e+00  1.07633989e-10 
 6.90845313e+00  6.90845313e+00 -1.07633890e-10 
 6.91345313e+00  6.91345313e+00  1.07633791e-10 
 6.91845313e+00  6.91845313e+00 -1.07633692e-10 
 6.92345313e+00  6.92345313e+00  1.07633593e-10 
 6.92845313e+00  6.92845313e+00 -1.07633493e-10 
 6.93345313e+00  6.93345313e+00  1.07633394e-10 
 6.93845313e+00  6.93845313e+00 -1.07633295e-10 
 6.94345313e+00  6.94345313e+00  1.07633196e-10 
 6.94845313e+00  6.94845313e+00 -1.07633097e-10 
 6.95345313e+00  6.95345313e+00  1.07632998e-10 
 6.95845313e+00  6.95845313e+00 -1.07632899e-10 
 6.96345313e+00  6.96345313e+00  1.07632800e-10 
 6.96845313e+00  6.96845313e+00 -1.07632701e-10 
 6.97345313e+00  6.97345313e+00  1.07632602e-10 
 6.97845313e+00  6.97845313e+00 -1.07632503e-10 
 6.98345313e+00  6.98345313e+00  1.07632404e-10 
 6.98845313e+00  6.98845313e+00 -1.07632305e-10 
 6.99345313e+00  6.99345313e+00  1.07632206e-10 
 6.99672657e+00  6.99672657e+00 -1.07632055e-10 
 7.00000000e+00  7.00000000e+00  1.07631904e-10 
 7.00000000e+00  7.00000000e+00  4.00320525e-03 
 7.00000000e+00  7.00000000e+00  1.14350071e-02 
 7.00000000e+00  7.00000000e+00  2.27247857e-02 
 7.00000000e+00  7.00000000e+00  3.35790413e-02 
 7.00000000e+00  7.00000000e+00  3.29564390e-02 
 7.00000000e+00  7.00000000e+00  3.18515878e-02 
 7.00000000e+00  7.00000000e+00  3.09019261e-02 
 7.00000000e+00  7.00000000e+00  3.09237724e-02 
 7.00000000e+00  7.00000000e+00  3.09213062e-02 
 7.00000000e+00  7.00000000e+00  3.09234548e-02 
 7.00000000e+00  7.00000000e+00  3.09218929e-02 
 7.00000000e+00  7.00000000e+00  3.09232354e-02 
 7.00000001e+00  7.00000001e+00  3.09219916e-02 
 7.00000001e+00  7.00000001e+00  3.09231899e-02 
 7.00000003e+00  7.00000003e+00  3.09220140e-02 
 7.00000005e+00  7.00000005e+00  3.09231790e-02 
 7.00000011e+00  7.00000011e+00  3.09220195e-02 
 7.00000021e+00  7.00000021e+00  3.09231763e-02 
 7.00000042e+00  7.00000042e+00  3.09220209e-02 
 7.00000084e+00  7.00000084e+00  3.09231756e-02 
 7.00000168e+00  7.00000168e+00  3.09220212e-02 
 7.00000336e+00  7.00000336e+00  3.09231755e-02 
 7.00000672e+00  7.00000672e+00  3.09220213e-02 
 7.00001344e+00  7.00001344e+00  3.09231754e-02 
 7.00002688e+00  7.00002688e+00  3.09220213e-02 
 7.00005376e+00  7.00005376e+00  3.09231754e-02 
 7.00010752e+00  7.00010752e+00  3.09220213e-02 
 7.00021503e+00  7.00021503e+00  3.09231754e-02 
 7.00043006e+00  7.00043006e+00  3.09220213e-02 
 7.00086012e+00  7.00086012e+00  3.09231754e-02 
 7.00172024e+00  7.00172024e+00  3.09220213e-02 
 7.00344047e+00  7.00344047e+00  3.09231754e-02 
 7.00688095e+00  7.00688095e+00  3.09220213e-02 
 7.01188095e+00  7.01188095e+00  3.09231754e-02 
 7.01688095e+00  7.01688095e+00  3.09220213e-02 
 7.02188095e+00  7.02188095e+00  3.09231754e-02 
 7.02688095e+00  7.02688095e+00  3.09220213e-02 
 7.03188095e+00  7.03188095e+00  3.09231754e-02 
 7.03688095e+00  7.03688095e+00  3.09220213e-02 
 7.04188095e+00  7.04188095e+00  3.09231754e-02 
 7.04688095e+00  7.04688095e+00  3.09220213e-02 
 7.05188095e+00  7.05188095e+00  3.09231754e-02 
 7.05688095e+00  7.05688095e+00  3.09220213e-02 
 7.06188095e+00  7.06188095e+00  3.09231754e-02 
 7.06688095e+00  7.06688095e+00  3.09220213e-02 
 7.07188095e+00  7.07188095e+00  3.09231754e-02 
 7.07688095e+00  7.07688095e+00  3.09220213e-02 
 7.08188095e+00  7.08188095e+00  3.09231754e-02 
 7.08688095e+00  7.08688095e+00  3.09220213e-02 
 7.09188095e+00  7.09188095e+00  3.09231754e-02 
 7.09688095e+00  7.09688095e+00  3.09220213e-02 
 7.10188095e+00  7.10188095e+00  3.09231754e-02 
 7.10688095e+00  7.10688095e+00  3.09220213e-02 
 7.11188095e+00  7.11188095e+00  3.09231754e-02 
 7.11688095e+00  7.11688095e+00  3.09220213e-02 
 7.12188095e+00  7.12188095e+00  3.09231754e-02 
 7.12688095e+00  7.12688095e+00  3.09220213e-02 
 7.13188095e+00  7.13188095e+00  3.09231754e-02 
 7.13688095e+00  7.13688095e+00  3.09220213e-02 
 7.14188095e+00  7.14188095e+00  3.09231754e-02 
 7.14688095e+00  7.14688095e+00  3.09220213e-02 
 7.15188095e+00  7.15188095e+00  3.09231754e-02 
 7.15688095e+00  7.15688095e+00  3.09220213e-02 
 7.16188095e+00  7.16188095e+00  3.09231754e-02 
 7.16688095e+00  7.16688095e+00  3.09220213e-02 
 7.17188095e+00  7.17188095e+00  3.09231754e-02 
 7.17688095e+00  7.17688095e+00  3.09220213e-02 
 7.18188095e+00  7.18188095e+00  3.09231754e-02 
 7.18688095e+00  7.18688095e+00  3.09220213e-02 
 7.19188095e+00  7.19188095e+00  3.09231754e-02 
 7.19688095e+00  7.19688095e+00  3.09220213e-02 
 7.20188095e+00  7.20188095e+00  3.09231754e-02 
 7.20688095e+00  7.20688095e+00  3.09220213e-02 
 7.21188095e+00  7.21188095e+00  3.09231754e-02 
 7.21688095e+00  7.21688095e+00  3.09220213e-02 
 7.22188095e+00  7.22188095e+00  3.09231754e-02 
 7.22688095e+00  7.22688095e+00  3.09220213e-02 
 7.23188095e+00  7.23188095e+00  3.09231754e-02 
 7.23688095e+00  7.23688095e+00  3.09220213e-02 
 7.24188095e+00  7.24188095e+00  3.09231754e-02 
 7.24688095e+00  7.24688095e+00  3.09220213e-02 
 7.25188095e+00  7.25188095e+00  3.09231754e-02 
 7.25688095e+00  7.25688095e+00  3.09220213e-02 
 7.26188095e+00  7.26188095e+00  3.09231754e-02 
 7.26688095e+00  7.26688095e+00  3.09220213e-02 
 7.27188095e+00  7.27188095e+00  3.09231754e-02 
 7.27688095e+00  7.27688095e+00  3.09220213e-02 
 7.28188095e+00  7.28188095e+00  3.09231754e-02 
 7.28688095e+00  7.28688095e+00  3.09220213e-02 
 7.29188095e+00  7.29188095e+00  3.09231754e-02 
 7.29688095e+00  7.29688095e+00  3.09220213e-02 
 7.30188095e+00  7.30188095e+00  3.09231754e-02 
 7.30688095e+00  7.30688095e+00  3.09220213e-02 
 7.31188095e+00  7.31188095e+00  3.09231754e-02 
 7.31688095e+00  7.31688095e+00  3.09220213e-02 
 7.32188095e+00  7.32188095e+00  3.09231754e-02 
 7.32688095e+00  7.32688095e+00  3.09220213e-02 
 7.33188095e+00  7.33188095e+00  3.09231754e-02 
 7.33688095e+00  7.33688095e+00  3.09220213e-02 
 7.34188095e+00  7.34188095e+00  3.09231754e-02 
 7.34688095e+00  7.34688095e+00  3.09220213e-02 
 7.35188095e+00  7.35188095e+00  3.09231754e-02 
 7.35688095e+00  7.35688095e+00  3.09220213e-02 
 7.36188095e+00  7.36188095e+00  3.09231754e-02 
 7.36688095e+00  7.36688095e+00  3.09220213e-02 
 7.37188095e+00  7.37188095e+00  3.09231754e-02 
 7.37688095e+00  7.37688095e+00  3.09220213e-02 
 7.38188095e+00  7.38188095e+00  3.09231754e-02 
 7.38688095e+00  7.38688095e+00  3.09220213e-02 
 7.39188095e+00  7.39188095e+00  3.09231754e-02 
 7.39688095e+00  7.39688095e+00  3.09220213e-02 
 7.40188095e+00  7.40188095e+00  3.09231754e-02 
 7.40688095e+00  7.40688095e+00  3.09220213e-02 
 7.41188095e+00  7.41188095e+00  3.09231754e-02 
 7.41688095e+00  7.41688095e+00  3.09220213e-02 
 7.42188095e+00  7.42188095e+00  3.09231754e-02 
 7.42688095e+00  7.42688095e+00  3.09220213e-02 
 7.43188095e+00  7.43188095e+00  3.09231754e-02 
 7.43688095e+00  7.43688095e+00  3.09220213e-02 
 7.44188095e+00  7.44188095e+00  3.09231754e-02 
 7.44688095e+00  7.44688095e+00  3.09220213e-02 
 7.45188095e+00  7.45188095e+00  3.09231754e-02 
 7.45688095e+00  7.45688095e+00  3.09220213e-02 
 7.46188095e+00  7.46188095e+00  3.09231754e-02 
 7.46688095e+00  7.46688095e+00  3.09220213e-02 
 7.47188095e+00  7.47188095e+00  3.09231754e-02 
 7.47688095e+00  7.47688095e+00  3.09220213e-02 
 7.48188095e+00  7.48188095e+00  3.09231754e-02 
 7.48688095e+00  7.48688095e+00  3.09220213e-02 
 7.49188095e+00  7.49188095e+00  3.09231754e-02 
 7.49594047e+00  7.49594047e+00  3.09220213e-02 
 7.50000000e+00  7.50000000e+00  3.09231706e-02 
 7.50000000e+00  7.50000000e+00  2.66148651e-02 
 7.50000000e+00  7.50000000e+00  1.80306510e-02 
 7.50000000e+00  7.50000000e+00  3.21017720e-03 
 7.50000000e+00  7.50000000e+00 -1.10331825e-02 
 7.50000000e+00  7.50000000e+00 -1.07653030e-02 
 7.50000000e+00  7.50000000e+00 -1.02297832e-02 
 7.50000000e+00  7.50000000e+00 -9.19013293e-03 
 7.50000000e+00  7.50000000e+00 -7.23241594e-03 
 7.50000000e+00  7.50000000e+00 -3.87574043e-03 
 7.50000001e+00  7.50000001e+00 -1.12044992e-03 
 7.50000001e+00  7.50000001e+00 -5.46185291e-04 
 7.50000001e+00  7.50000001e+00 -3.19952711e-04 
 7.50000001e+00  7.50000001e+00 -1.61346265e-04 
 7.50000001e+00  7.50000001e+00 -7.78605252e-05 
 7.50000001e+00  7.50000001e+00 -3.68532407e-05 
 7.50000001e+00  7.50000001e+00 -1.86378077e-05 
 7.50000001e+00  7.50000001e+00 -9.38883905e-06 
 7.50000001e+00  7.50000001e+00 -4.74451772e-06 
 7.50000001e+00  7.50000001e+00 -2.33090991e-06 
 7.50000001e+00  7.50000001e+00 -8.80718264e-07 
 7.50000001e+00  7.50000001e+00 -2.43637691e-07 
 7.50000002e+00  7.50000002e+00 -2.88734779e-08 
 7.50000002e+00  7.50000002e+00  1.18475805e-09 
 7.50000002e+00  7.50000002e+00 -3.43282777e-10 
 7.50000003e+00  7.50000003e+00  1.90882233e-10 
 7.50000005e+00  7.50000005e+00 -1.43221351e-10 
 7.50000008e+00  7.50000008e+00  1.24150640e-10 
 7.50000014e+00  7.50000014e+00 -1.15600340e-10 
 7.50000027e+00  7.50000027e+00  1.11549882e-10 
 7.50000053e+00  7.50000053e+00 -1.09578344e-10 
 7.50000105e+00  7.50000105e+00  1.08605700e-10 
 7.50000208e+00  7.50000208e+00 -1.08122623e-10 
 7.50000414e+00  7.50000414e+00  1.07881891e-10 
 7.50000827e+00  7.50000827e+00 -1.07761726e-10 
 7.50001653e+00  7.50001653e+00  1.07701693e-10 
 7.50003304e+00  7.50003304e+00 -1.07671690e-10 
 7.50006606e+00  7.50006606e+00  1.07656691e-10 
 7.50013210e+00  7.50013210e+00 -1.07649193e-10 
 7.50026418e+00  7.50026418e+00  1.07645444e-10 
 7.50052834e+00  7.50052834e+00 -1.07643569e-10 
 7.50105665e+00  7.50105665e+00  1.07642632e-10 
 7.50211329e+00  7.50211329e+00 -1.07642163e-10 
 7.50422657e+00  7.50422657e+00  1.07641929e-10 
 7.50845313e+00  7.50845313e+00 -1.07641812e-10 
 7.51345313e+00  7.51345313e+00  1.07641713e-10 
 7.51845313e+00  7.51845313e+00 -1.07641614e-10 
 7.52345313e+00  7.52345313e+00  1.07641515e-10 
 7.52845313e+00  7.52845313e+00 -1.07641416e-10 
 7.53345313e+00  7.53345313e+00  1.07641317e-10 
 7.53845313e+00  7.53845313e+00 -1.07641218e-10 
 7.54345313e+00  7.54345313e+00  1.07641119e-10 
 7.54845313e+00  7.54845313e+00 -1.07641019e-10 
 7.55345313e+00  7.55345313e+00  1.07640920e-10 
 7.55845313e+00  7.55845313e+00 -1.07640821e-10 
 7.56345313e+00  7.56345313e+00  1.07640722e-10 
 7.56845313e+00  7.56845313e+00 -1.07640623e-10 
 7.57345313e+00  7.57345313e+00  1.07640524e-10 
 7.57845313e+00  7.57845313e+00 -1.07640425e-10 
 7.58345313e+00  7.58345313e+00  1.07640326e-10 
 7.58845313e+00  7.58845313e+00 -1.07640227e-10 
 7.59345313e+00  7.59345313e+00  1.07640128e-10 
 7.59845313e+00  7.59845313e+00 -1.07640029e-10 
 7.60345313e+00  7.60345313e+00  1.07639930e-10 
 7.60845313e+00  7.60845313e+00 -1.07639831e-10 
 7.61345313e+00  7.61345313e+00  1.07639732e-10 
 7.61845313e+00  7.61845313e+00 -1.07639633e-10 
 7.62345313e+00  7.62345313e+00  1.07639534e-10 
 7.62845313e+00  7.62845313e+00 -1.07639435e-10 
 7.63345313e+00  7.63345313e+00  1.07639336e-10 
 7.63845313e+00  7.63845313e+00 -1.07639237e-10 
 7.64345313e+00  7.64345313e+00  1.07639138e-10 
 7.64845313e+00  7.64845313e+00 -1.07639039e-10 
 7.65345313e+00  7.65345313e+00  1.07638940e-10 
 7.65845313e+00  7.65845313e+00 -1.07638841e-10 
 7.66345313e+00  7.66345313e+00  1.07638742e-10 
 7.66845313e+00  7.66845313e+00 -1.07638643e-10 
 7.67345313e+00  7.67345313e+00  1.07638544e-10 
 7.67845313e+00  7.67845313e+00 -1.07638445e-10 
 7.68345313e+00  7.68345313e+00  1.07638346e-10 
 7.68845313e+00  7.68845313e+00 -1.07638247e-10 
 7.69345313e+00  7.69345313e+00  1.07638148e-10 
 7.69845313e+00  7.69845313e+00 -1.07638049e-10 
 7.70345313e+00  7.70345313e+00  1.07637950e-10 
 7.70845313e+00  7.70845313e+00 -1.07637851e-10 
 7.71345313e+00  7.71345313e+00  1.07637752e-10 
 7.71845313e+00  7.71845313e+00 -1.07637653e-10 
 7.72345313e+00  7.72345313e+00  1.07637554e-10 
 7.72845313e+00  7.72845313e+00 -1.07637454e-10 
 7.73345313e+00  7.73345313e+00  1.07637355e-10 
 7.73845313e+00  7.73845313e+00 -1.07637256e-10 
 7.74345313e+00  7.74345313e+00  1.07637157e-10 
 7.74845313e+00  7.74845313e+00 -1.07637058e-10 
 7.75345313e+00  7.75345313e+00  1.07636959e-10 
 7.75845313e+00  7.75845313e+00 -1.07636860e-10 
 7.76345313e+00  7.76345313e+00  1.07636761e-10 
 7.76845313e+00  7.76845313e+00 -1.07636662e-10 
 7.77345313e+00  7.77345313e+00  1.07636563e-10 
 7.77845313e+00  7.77845313e+00 -1.07636464e-10 
 7.78345313e+00  7.78345313e+00  1.07636365e-10 
 7.78845313e+00  7.78845313e+00 -1.07636266e-10 
 7.79345313e+00  7.79345313e+00  1.07636167e-10 
 7.79845313e+00  7.79845313e+00 -1.07636068e-10 
 7.80345313e+00  7.80345313e+00  1.07635969e-10 
 7.80845313e+00  7.80845313e+00 -1.07635870e-10 
 7.81345313e+00  7.81345313e+00  1.07635771e-10 
 7.81845313e+00  7.81845313e+00 -1.07635672e-10 
 7.82345313e+00  7.82345313e+00  1.07635573e-10 
 7.82845313e+00  7.82845313e+00 -1.07635474e-10 
 7.83345313e+00  7.83345313e+00  1.07635375e-10 
 7.83845313e+00  7.83845313e+00 -1.07635276e-10 
 7.84345313e+00  7.84345313e+00  1.07635177e-10 
 7.84845313e+00  7.84845313e+00 -1.07635078e-10 
 7.85345313e+00  7.85345313e+00  1.07634979e-10 
 7.85845313e+00  7.85845313e+00 -1.07634880e-10 
 7.86345313e+00  7.86345313e+00  1.07634781e-10 
 7.86845313e+00  7.86845313e+00 -1.07634682e-10 
 7.87345313e+00  7.87345313e+00  1.07634583e-10 
 7.87845313e+00  7.87845313e+00 -1.07634484e-10 
 7.88345313e+00  7.88345313e+00  1.07634385e-10 
 7.88845313e+00  7.88845313e+00 -1.07634286e-10 
 7.89345313e+00  7.89345313e+00  1.07634187e-10 
 7.89845313e+00  7.89845313e+00 -1.07634088e-10 
 7.90345313e+00  7.90345313e+00  1.07633989e-10 
 7.90845313e+00  7.90845313e+00 -1.07633890e-10 
 7.91345313e+00  7.91345313e+00  1.07633791e-10 
 7.91845313e+00  7.91845313e+00 -1.07633692e-10 
 7.92345313e+00  7.92345313e+00  1.07633593e-10 
 7.92845313e+00  7.92845313e+00 -1.07633493e-10 
 7.93345313e+00  7.93345313e+00  1.07633394e-10 
 7.93845313e+00  7.93845313e+00 -1.07633295e-10 
 7.94345313e+00  7.94345313e+00  1.07633196e-10 
 7.94845313e+00  7.94845313e+00 -1.07633097e-10 
 7.95345313e+00  7.95345313e+00  1.07632998e-10 
 7.95845313e+00  7.95845313e+00 -1.07632899e-10 
 7.96345313e+00  7.96345313e+00  1.07632800e-10 
 7.96845313e+00  7.96845313e+00 -1.07632701e-10 
 7.97345313e+00  7.97345313e+00  1.07632602e-10 
 7.97845313e+00  7.97845313e+00 -1.07632503e-10 
 7.98345313e+00  7.98345313e+00  1.07632404e-10 
 7.98845313e+00  7.98845313e+00 -1.07632305e-10 
 7.99345313e+00  7.99345313e+00  1.07632206e-10 
 7.99672657e+00  7.99672657e+00 -1.07632055e-10 
 8.00000000e+00  8.00000000e+00  1.07631904e-10 
